0,1,0,0,0,0
0.12508,1,0,0,0,0
0.24671,1,0,0,0,0
0.36155,1,0,0,0,0
0.46657,1,0,0,0,0
0.55907,1,0,0,0,0
0.63688,1,0,0,0,0
0.69836,1,0,0,0,0
0.74248,1,0,0,0,0
0.76882,1,0,0,0,0
0.77761,1,0,0,0,0
0.76963,1,0,0,0,0
0.74618,1,0,0,0,0
0.70903,1,0,0,0,0
0.66027,1,0,0,0,0
0.60224,1,0,0,0,0
0.53741,1,0,0,0,0
0.46827,1,0,0,0,0
0.39725,1,0,0,0,0
0.32658,1,0,0,0,0
0.25829,1,0,0,0,0
0.19407,1,0,0,0,0
0.1353,1,0,0,0,0
0.082984,1,0,0,0,0
0.037781,1,0,0,0,0
-8.7142e-17,1,0,0,0,0
-0.030364,1,0,0,0,0
-0.053587,1,0,0,0,0
-0.070168,1,0,0,0,0
-0.080778,1,0,0,0,0
-0.086203,1,0,0,0,0
-0.087297,1,0,0,0,0
-0.084926,1,0,0,0,0
-0.079935,1,0,0,0,0
-0.07311,1,0,0,0,0
-0.065152,1,0,0,0,0
-0.056662,1,0,0,0,0
-0.048135,1,0,0,0,0
-0.039952,1,0,0,0,0
-0.03239,1,0,0,0,0
-0.025628,1,0,0,0,0
-0.019761,1,0,0,0,0
-0.014818,1,0,0,0,0
-0.010769,1,0,0,0,0
-0.0075479,1,0,0,0,0
-0.0050629,1,0,0,0,0
-0.0032082,1,0,0,0,0
-0.0018748,1,0,0,0,0
-0.00095751,1,0,0,0,0
-0.00036041,1,0,0,0,0
1.3638e-18,1,0,0,0,0
0.00019325,1,0,0,0,0
0.00027482,1,0,0,0,0
0.00028704,1,0,0,0,0
0.00026065,1,0,0,0,0
0.00021673,1,0,0,0,0
0.0001687,1,0,0,0,0
0.00012426,1,0,0,0,0
8.7083e-05,1,0,0,0,0
5.8205e-05,1,0,0,0,0
3.7118e-05,1,0,0,0,0
2.256e-05,1,0,0,0,0
1.3039e-05,1,0,0,0,0
7.141e-06,1,0,0,0,0
3.6876e-06,1,0,0,0,0
1.7841e-06,1,0,0,0,0
8.0196e-07,1,0,0,0,0
3.3126e-07,1,0,0,0,0
1.2394e-07,1,0,0,0,0
4.1183e-08,1,0,0,0,0
1.1827e-08,1,0,0,0,0
2.8201e-09,1,0,0,0,0
5.2428e-10,1,0,0,0,0
6.7924e-11,1,0,0,0,0
4.7074e-12,1,0,0,0,0
1.1524e-27,1,0,0,0,0
-1.4273e-14,1,0,0,0,0
-1.9053e-16,1,0,0,0,0
-7.919e-21,1,0,0,0,0
-2.1008e-21,1,0,0,0,0
-2.6484e-16,1,0,0,0,0
-5.6706e-14,1,0,0,0,0
-1.9258e-12,1,0,0,0,0
-2.6581e-11,1,0,0,0,0
-2.1395e-10,1,0,0,0,0
-1.1991e-09,1,0,0,0,0
-5.175e-09,1,0,0,0,0
-1.8302e-08,1,0,0,0,0
-5.5271e-08,1,0,0,0,0
-1.4662e-07,1,0,0,0,0
-3.486e-07,1,0,0,0,0
-7.5347e-07,1,0,0,0,0
-1.4953e-06,1,0,0,0,0
-2.7423e-06,1,0,0,0,0
-4.6604e-06,1,0,0,0,0
-7.3305e-06,1,0,0,0,0
-1.0592e-05,1,0,0,0,0
-1.3789e-05,1,0,0,0,0
-1.5389e-05,1,0,0,0,0
-1.2462e-05,1,0,0,0,0
2.0039e-19,1,0,0,0,0
2.9885e-05,1,0,0,0,0
8.8866e-05,1,0,0,0,0
0.00019331,1,0,0,0,0
0.0003651,1,0,0,0,0
0.00063213,1,0,0,0,0
0.0010284,1,0,0,0,0
0.0015935,1,0,0,0,0
0.0023709,1,0,0,0,0
0.0034053,1,0,0,0,0
0.0047389,1,0,0,0,0
0.0064059,1,0,0,0,0
0.0084254,1,0,0,0,0
0.010794,1,0,0,0,0
0.013477,1,0,0,0,0
0.016396,1,0,0,0,0
0.019426,1,0,0,0,0
0.022381,1,0,0,0,0
0.025009,1,0,0,0,0
0.026991,1,0,0,0,0
0.027939,1,0,0,0,0
0.027403,1,0,0,0,0
0.024882,1,0,0,0,0
0.019837,1,0,0,0,0
0.01172,1,0,0,0,0
-1.2679e-16,1,0,0,0,0
-0.015802,1,0,0,0,0
-0.036076,1,0,0,0,0
-0.061083,1,0,0,0,0
-0.090912,1,0,0,0,0
-0.12545,1,0,0,0,0
-0.16433,1,0,0,0,0
-0.20695,1,0,0,0,0
-0.25241,1,0,0,0,0
-0.29955,1,0,0,0,0
-0.34693,1,0,0,0,0
-0.39289,1,0,0,0,0
-0.43561,1,0,0,0,0
-0.47311,1,0,0,0,0
-0.50339,1,0,0,0,0
-0.52449,1,0,0,0,0
-0.53457,1,0,0,0,0
-0.53202,1,0,0,0,0
-0.51555,1,0,0,0,0
-0.48426,1,0,0,0,0
-0.43775,1,0,0,0,0
-0.37611,1,0,0,0,0
-0.30001,1,0,0,0,0
-0.2107,1,0,0,0,0
-0.10993,1,0,0,0,0
-6.6448e-16,1,0,0,0,0
0.11638,1,0,0,0,0
0.23616,1,0,0,0,0
0.35606,1,0,0,0,0
0.4727,1,0,0,0,0
0.58272,1,0,0,0,0
0.68295,1,0,0,0,0
0.7705,1,0,0,0,0
0.8429,1,0,0,0,0
0.89818,1,0,0,0,0
0.93496,1,0,0,0,0
0.95252,1,0,0,0,0
0.95078,1,0,0,0,0
0.93031,1,0,0,0,0
0.89229,1,0,0,0,0
0.83847,1,0,0,0,0
0.77104,1,0,0,0,0
0.69257,1,0,0,0,0
0.60585,1,0,0,0,0
0.5138,1,0,0,0,0
0.41935,1,0,0,0,0
0.32531,1,0,0,0,0
0.23426,1,0,0,0,0
0.14849,1,0,0,0,0
0.069903,1,0,0,0,0
-1.398e-15,1,0,0,0,0
-0.060174,1,0,0,0,0
-0.11002,1,0,0,0,0
-0.14935,1,0,0,0,0
-0.17839,1,0,0,0,0
-0.19768,1,0,0,0,0
-0.20807,1,0,0,0,0
-0.21059,1,0,0,0,0
-0.20642,1,0,0,0,0
-0.19683,1,0,0,0,0
-0.1831,1,0,0,0,0
-0.16643,1,0,0,0,0
-0.14797,1,0,0,0,0
-0.12873,1,0,0,0,0
-0.10956,1,0,0,0,0
-0.091158,1,0,0,0,0
-0.074056,1,0,0,0,0
-0.05862,1,0,0,0,0
-0.045071,1,0,0,0,0
-0.033499,1,0,0,0,0
-0.023888,1,0,0,0,0
-0.016137,1,0,0,0,0
-0.010083,1,0,0,0,0
-0.0055247,1,0,0,0,0
-0.0022389,1,0,0,0,0
3.6631e-17,1,0,0,0,0
0.0014088,1,0,0,0,0
0.0021854,1,0,0,0,0
0.0025032,1,0,0,0,0
0.0025075,1,0,0,0,0
0.0023151,1,0,0,0,0
0.0020157,1,0,0,0,0
0.0016746,1,0,0,0,0
0.001336,1,0,0,0,0
0.0010274,1,0,0,0,0
0.00076292,1,0,0,0,0
0.00054751,1,0,0,0,0
0.00037966,1,0,0,0,0
0.00025416,1,0,0,0,0
0.00016399,1,0,0,0,0
0.00010174,1,0,0,0,0
6.0494e-05,1,0,0,0,0
3.4327e-05,1,0,0,0,0
1.8482e-05,1,0,0,0,0
9.3671e-06,1,0,0,0,0
4.4188e-06,1,0,0,0,0
1.9071e-06,1,0,0,0,0
7.3123e-07,1,0,0,0,0
2.3451e-07,1,0,0,0,0
5.2609e-08,1,0,0,0,0
-4.245e-22,1,0,0,0,0
-8.1855e-09,1,0,0,0,0
-5.4856e-09,1,0,0,0,0
-2.3917e-09,1,0,0,0,0
-7.7384e-10,1,0,0,0,0
-1.8506e-10,1,0,0,0,0
-3.0579e-11,1,0,0,0,0
-3.0179e-12,1,0,0,0,0
-1.309e-13,1,0,0,0,0
-1.1476e-15,1,0,0,0,0
-8.0994e-20,1,0,0,0,0
-6.4066e-22,1,0,0,0,0
-2.5669e-16,1,0,0,0,0
-5.9508e-14,1,0,0,0,0
-1.9458e-12,1,0,0,0,0
-2.5017e-11,1,0,0,0,0
-1.8482e-10,1,0,0,0,0
-9.4102e-10,1,0,0,0,0
-3.6491e-09,1,0,0,0,0
-1.1431e-08,1,0,0,0,0
-2.9943e-08,1,0,0,0,0
-6.6694e-08,1,0,0,0,0
-1.26e-07,1,0,0,0,0
-1.9449e-07,1,0,0,0,0
-2.0948e-07,1,0,0,0,0
7.8525e-21,1,0,0,0,0
8.1166e-07,1,0,0,0,0
2.9599e-06,1,0,0,0,0
7.7466e-06,1,0,0,0,0
1.7316e-05,1,0,0,0,0
3.4985e-05,1,0,0,0,0
6.5604e-05,1,0,0,0,0
0.0001159,1,0,0,0,0
0.00019477,1,0,0,0,0
0.00031331,1,0,0,0,0
0.00048468,1,0,0,0,0
0.00072346,1,0,0,0,0
0.0010444,1,0,0,0,0
0.0014608,1,0,0,0,0
0.0019815,1,0,0,0,0
0.0026076,1,0,0,0,0
0.0033283,1,0,0,0,0
0.0041159,1,0,0,0,0
0.0049203,1,0,0,0,0
0.0056636,1,0,0,0,0
0.0062353,1,0,0,0,0
0.0064877,1,0,0,0,0
0.0062342,1,0,0,0,0
0.0052485,1,0,0,0,0
0.003268,1,0,0,0,0
-7.0464e-17,1,0,0,0,0
-0.0048671,1,0,0,0,0
-0.011649,1,0,0,0,0
-0.020648,1,0,0,0,0
-0.032126,1,0,0,0,0
-0.046281,1,0,0,0,0
-0.063221,1,0,0,0,0
-0.082929,1,0,0,0,0
-0.10524,1,0,0,0,0
-0.12983,1,0,0,0,0
-0.15616,1,0,0,0,0
-0.18352,1,0,0,0,0
-0.21097,1,0,0,0,0
-0.2374,1,0,0,0,0
-0.26154,1,0,0,0,0
-0.28196,1,0,0,0,0
-0.29718,1,0,0,0,0
-0.30568,1,0,0,0,0
-0.30599,1,0,0,0,0
-0.29676,1,0,0,0,0
-0.27686,1,0,0,0,0
-0.2454,1,0,0,0,0
-0.20187,1,0,0,0,0
-0.14615,1,0,0,0,0
-0.078583,1,0,0,0,0
-9.7876e-16,1,0,0,0,0
0.088285,1,0,0,0,0
0.18448,1,0,0,0,0
0.28637,1,0,0,0,0
0.39134,1,0,0,0,0
0.49652,1,0,0,0,0
0.59885,1,0,0,0,0
0.6952,1,0,0,0,0
0.78249,1,0,0,0,0
0.85784,1,0,0,0,0
0.91868,1,0,0,0,0
0.96286,1,0,0,0,0
0.98876,1,0,0,0,0
0.99535,1,0,0,0,0
0.98224,1,0,0,0,0
0.94971,1,0,0,0,0
0.89871,1,0,0,0,0
0.8308,1,0,0,0,0
0.74809,1,0,0,0,0
0.65316,1,0,0,0,0
0.54893,1,0,0,0,0
0.43858,1,0,0,0,0
0.32537,1,0,0,0,0
0.21253,1,0,0,0,0
0.10313,1,0,0,0,0
-1.5471e-15,1,0,0,0,0
-0.094435,1,0,0,0,0
-0.17817,1,0,0,0,0
-0.24971,1,0,0,0,0
-0.30807,1,0,0,0,0
-0.35279,1,0,0,0,0
-0.38394,1,0,0,0,0
-0.40201,1,0,0,0,0
-0.40794,1,0,0,0,0
-0.40297,1,0,0,0,0
-0.38859,1,0,0,0,0
-0.36645,1,0,0,0,0
-0.3383,1,0,0,0,0
-0.30586,1,0,0,0,0
-0.2708,1,0,0,0,0
-0.23463,1,0,0,0,0
-0.19871,1,0,0,0,0
-0.16417,1,0,0,0,0
-0.13191,1,0,0,0,0
-0.1026,1,0,0,0,0
-0.076676,1,0,0,0,0
-0.054369,1,0,0,0,0
-0.035721,1,0,0,0,0
-0.020617,1,0,0,0,0
-0.0088186,1,0,0,0,0
3.1975e-16,1,0,0,0,0
0.0062227,1,0,0,0,0
0.01026,1,0,0,0,0
0.012526,1,0,0,0,0
0.013413,1,0,0,0,0
0.013282,1,0,0,0,0
0.012447,1,0,0,0,0
0.011173,1,0,0,0,0
0.0096742,1,0,0,0,0
0.0081119,1,0,0,0,0
0.0066031,1,0,0,0,0
0.0052249,1,0,0,0,0
0.0040209,1,0,0,0,0
0.003009,1,0,0,0,0
0.0021881,1,0,0,0,0
0.0015442,1,0,0,0,0
0.0010555,1,0,0,0,0
0.00069672,1,0,0,0,0
0.00044239,1,0,0,0,0
0.00026864,1,0,0,0,0
0.00015466,1,0,0,0,0
8.3243e-05,1,0,0,0,0
4.0836e-05,1,0,0,0,0
1.7277e-05,1,0,0,0,0
5.3071e-06,1,0,0,0,0
-4.2971e-20,1,0,0,0,0
-1.7958e-06,1,0,0,0,0
-1.9638e-06,1,0,0,0,0
-1.5362e-06,1,0,0,0,0
-1.0129e-06,1,0,0,0,0
-5.8945e-07,1,0,0,0,0
-3.0727e-07,1,0,0,0,0
-1.4367e-07,1,0,0,0,0
-5.982e-08,1,0,0,0,0
-2.1861e-08,1,0,0,0,0
-6.8505e-09,1,0,0,0,0
-1.777e-09,1,0,0,0,0
-3.6148e-10,1,0,0,0,0
-5.2866e-11,1,0,0,0,0
-4.781e-12,1,0,0,0,0
-1.9886e-13,1,0,0,0,0
-1.8543e-15,1,0,0,0,0
-2.4096e-19,1,0,0,0,0
-4.8033e-23,1,0,0,0,0
-9.7211e-17,1,0,0,0,0
-2.4946e-14,1,0,0,0,0
-7.5217e-13,1,0,0,0,0
-8.064e-12,1,0,0,0,0
-4.3786e-11,1,0,0,0,0
-1.2328e-10,1,0,0,0,0
2.1883e-23,1,0,0,0,0
1.904e-09,1,0,0,0,0
1.1645e-08,1,0,0,0,0
4.7238e-08,1,0,0,0,0
1.5389e-07,1,0,0,0,0
4.3151e-07,1,0,0,0,0
1.0794e-06,1,0,0,0,0
2.4623e-06,1,0,0,0,0
5.1998e-06,1,0,0,0,0
1.0275e-05,1,0,0,0,0
1.9151e-05,1,0,0,0,0
3.3874e-05,1,0,0,0,0
5.7125e-05,1,0,0,0,0
9.2175e-05,1,0,0,0,0
0.00014268,1,0,0,0,0
0.00021221,1,0,0,0,0
0.00030356,1,0,0,0,0
0.00041754,1,0,0,0,0
0.00055144,1,0,0,0,0
0.00069703,1,0,0,0,0
0.00083812,1,0,0,0,0
0.00094778,1,0,0,0,0
0.00098543,1,0,0,0,0
0.00089403,1,0,0,0,0
0.00059768,1,0,0,0,0
-9.1962e-18,1,0,0,0,0
-0.0010162,1,0,0,0,0
-0.0025874,1,0,0,0,0
-0.0048659,1,0,0,0,0
-0.0080137,1,0,0,0,0
-0.012193,1,0,0,0,0
-0.017556,1,0,0,0,0
-0.024228,1,0,0,0,0
-0.032292,1,0,0,0,0
-0.041768,1,0,0,0,0
-0.052599,1,0,0,0,0
-0.064624,1,0,0,0,0
-0.077569,1,0,0,0,0
-0.09103,1,0,0,0,0
-0.10447,1,0,0,0,0
-0.1172,1,0,0,0,0
-0.12841,1,0,0,0,0
-0.13719,1,0,0,0,0
-0.14251,1,0,0,0,0
-0.14332,1,0,0,0,0
-0.13854,1,0,0,0,0
-0.12715,1,0,0,0,0
-0.10823,1,0,0,0,0
-0.081031,1,0,0,0,0
-0.045033,1,0,0,0,0
1.9324e-15,1,0,0,0,0
0.053966,1,0,0,0,0
0.11639,1,0,0,0,0
0.18638,1,0,0,0,0
0.26267,1,0,0,0,0
0.34358,1,0,0,0,0
0.42706,1,0,0,0,0
0.51079,1,0,0,0,0
0.59219,1,0,0,0,0
0.66856,1,0,0,0,0
0.73715,1,0,0,0,0
0.79531,1,0,0,0,0
0.84057,1,0,0,0,0
0.87079,1,0,0,0,0
0.88423,1,0,0,0,0
0.87965,1,0,0,0,0
0.85641,1,0,0,0,0
0.81449,1,0,0,0,0
0.7545,1,0,0,0,0
0.67772,1,0,0,0,0
0.58598,1,0,0,0,0
0.4817,1,0,0,0,0
0.3677,1,0,0,0,0
0.24715,1,0,0,0,0
0.12344,1,0,0,0,0
-1.1917e-15,1,0,0,0,0
-0.11977,1,0,0,0,0
-0.23268,1,0,0,0,0
-0.33587,1,0,0,0,0
-0.42687,1,0,0,0,0
-0.50374,1,0,0,0,0
-0.56509,1,0,0,0,0
-0.61011,1,0,0,0,0
-0.63862,1,0,0,0,0
-0.65096,1,0,0,0,0
-0.64804,1,0,0,0,0
-0.6312,1,0,0,0,0
-0.60215,1,0,0,0,0
-0.56288,1,0,0,0,0
-0.51555,1,0,0,0,0
-0.46241,1,0,0,0,0
-0.40566,1,0,0,0,0
-0.34742,1,0,0,0,0
-0.28959,1,0,0,0,0
-0.23386,1,0,0,0,0
-0.18162,1,0,0,0,0
-0.13396,1,0,0,0,0
-0.091644,1,0,0,0,0
-0.055135,1,0,0,0,0
-0.024612,1,0,0,0,0
8.0541e-16,1,0,0,0,0
0.018989,1,0,0,0,0
0.032809,1,0,0,0,0
0.042037,1,0,0,0,0
0.047324,1,0,0,0,0
0.049355,1,0,0,0,0
0.048811,1,0,0,0,0
0.046339,1,0,0,0,0
0.042529,1,0,0,0,0
0.037896,1,0,0,0,0
0.03287,1,0,0,0,0
0.027797,1,0,0,0,0
0.022936,1,0,0,0,0
0.018469,1,0,0,0,0
0.014508,1,0,0,0,0
0.011107,1,0,0,0,0
0.008275,1,0,0,0,0
0.005985,1,0,0,0,0
0.004188,1,0,0,0,0
0.0028208,1,0,0,0,0
0.0018144,1,0,0,0,0
0.0010999,1,0,0,0,0
0.00061327,1,0,0,0,0
0.000298,1,0,0,0,0
0.00010638,1,0,0,0,0
-5.8009e-19,1,0,0,0,0
-5.0733e-05,1,0,0,0,0
-6.7603e-05,1,0,0,0,0
-6.5828e-05,1,0,0,0,0
-5.5409e-05,1,0,0,0,0
-4.2427e-05,1,0,0,0,0
-3.0184e-05,1,0,0,0,0
-2.0146e-05,1,0,0,0,0
-1.2664e-05,1,0,0,0,0
-7.5034e-06,1,0,0,0,0
-4.1826e-06,1,0,0,0,0
-2.1853e-06,1,0,0,0,0
-1.064e-06,1,0,0,0,0
-4.7883e-07,1,0,0,0,0
-1.9702e-07,1,0,0,0,0
-7.3047e-08,1,0,0,0,0
-2.3924e-08,1,0,0,0,0
-6.7353e-09,1,0,0,0,0
-1.5676e-09,1,0,0,0,0
-2.8467e-10,1,0,0,0,0
-3.6814e-11,1,0,0,0,0
-2.9002e-12,1,0,0,0,0
-1.0292e-13,1,0,0,0,0
-8.0557e-16,1,0,0,0,0
-1.0519e-19,1,0,0,0,0
1.2717e-38,1,0,0,0,0
9.4647e-18,1,0,0,0,0
7.4229e-15,1,0,0,0,0
4.5038e-13,1,0,0,0,0
8.7581e-12,1,0,0,0,0
8.9001e-11,1,0,0,0,0
5.9333e-10,1,0,0,0,0
2.9384e-09,1,0,0,0,0
1.1658e-08,1,0,0,0,0
3.8916e-08,1,0,0,0,0
1.1305e-07,1,0,0,0,0
2.9272e-07,1,0,0,0,0
6.8751e-07,1,0,0,0,0
1.4841e-06,1,0,0,0,0
2.9731e-06,1,0,0,0,0
5.5684e-06,1,0,0,0,0
9.8009e-06,1,0,0,0,0
1.6265e-05,1,0,0,0,0
2.5487e-05,1,0,0,0,0
3.7673e-05,1,0,0,0,0
5.2308e-05,1,0,0,0,0
6.7556e-05,1,0,0,0,0
7.9445e-05,1,0,0,0,0
8.0828e-05,1,0,0,0,0
6.0135e-05,1,0,0,0,0
-5.4526e-18,1,0,0,0,0
-0.00012416,1,0,0,0,0
-0.00034542,1,0,0,0,0
-0.00070627,1,0,0,0,0
-0.001259,1,0,0,0,0
-0.002065,1,0,0,0,0
-0.0031932,1,0,0,0,0
-0.0047167,1,0,0,0,0
-0.0067081,1,0,0,0,0
-0.0092322,1,0,0,0,0
-0.012338,1,0,0,0,0
-0.016049,1,0,0,0,0
-0.020349,1,0,0,0,0
-0.025175,1,0,0,0,0
-0.030399,1,0,0,0,0
-0.035821,1,0,0,0,0
-0.041159,1,0,0,0,0
-0.046041,1,0,0,0,0
-0.050008,1,0,0,0,0
-0.052516,1,0,0,0,0
-0.052946,1,0,0,0,0
-0.050623,1,0,0,0,0
-0.044844,1,0,0,0,0
-0.034906,1,0,0,0,0
-0.02015,1,0,0,0,0
-5.3814e-16,1,0,0,0,0
0.025987,1,0,0,0,0
0.058075,1,0,0,0,0
0.096304,1,0,0,0,0
0.14045,1,0,0,0,0
0.18999,1,0,0,0,0
0.2441,1,0,0,0,0
0.30161,1,0,0,0,0
0.36107,1,0,0,0,0
0.42073,1,0,0,0,0
0.4786,1,0,0,0,0
0.53252,1,0,0,0,0
0.58025,1,0,0,0,0
0.61951,1,0,0,0,0
0.64814,1,0,0,0,0
0.66416,1,0,0,0,0
0.66589,1,0,0,0,0
0.65204,1,0,0,0,0
0.62178,1,0,0,0,0
0.57483,1,0,0,0,0
0.51149,1,0,0,0,0
0.43265,1,0,0,0,0
0.3398,1,0,0,0,0
0.23499,1,0,0,0,0
0.12074,1,0,0,0,0
-4.8039e-16,1,0,0,0,0
-0.12399,1,0,0,0,0
-0.24783,1,0,0,0,0
-0.36805,1,0,0,0,0
-0.48131,1,0,0,0,0
-0.58447,1,0,0,0,0
-0.67477,1,0,0,0,0
-0.74989,1,0,0,0,0
-0.80807,1,0,0,0,0
-0.84814,1,0,0,0,0
-0.86959,1,0,0,0,0
-0.87254,1,0,0,0,0
-0.85772,1,0,0,0,0
-0.82645,1,0,0,0,0
-0.7805,1,0,0,0,0
-0.72208,1,0,0,0,0
-0.65367,1,0,0,0,0
-0.5779,1,0,0,0,0
-0.49751,1,0,0,0,0
-0.41516,1,0,0,0,0
-0.33334,1,0,0,0,0
-0.25434,1,0,0,0,0
-0.18011,1,0,0,0,0
-0.11224,1,0,0,0,0
-0.051933,1,0,0,0,0
1.4847e-15,1,0,0,0,0
0.043152,1,0,0,0,0
0.077475,1,0,0,0,0
0.10325,1,0,0,0,0
0.12102,1,0,0,0,0
0.13155,1,0,0,0,0
0.13576,1,0,0,0,0
0.13466,1,0,0,0,0
0.12931,1,0,0,0,0
0.12072,1,0,0,0,0
0.10988,1,0,0,0,0
0.097678,1,0,0,0,0
0.084875,1,0,0,0,0
0.072113,1,0,0,0,0
0.059897,1,0,0,0,0
0.048599,1,0,0,0,0
0.038467,1,0,0,0,0
0.02964,1,0,0,0,0
0.022161,1,0,0,0,0
0.016,1,0,0,0,0
0.01107,1,0,0,0,0
0.0072468,1,0,0,0,0
0.004382,1,0,0,0,0
0.0023199,1,0,0,0,0
0.00090698,1,0,0,0,0
-4.0829e-17,1,0,0,0,0
-0.00052821,1,0,0,0,0
-0.00078588,1,0,0,0,0
-0.0008613,1,0,0,0,0
-0.00082339,1,0,0,0,0
-0.00072345,1,0,0,0,0
-0.00059753,1,0,0,0,0
-0.00046924,1,0,0,0,0
-0.00035248,1,0,0,0,0
-0.00025408,1,0,0,0,0
-0.00017598,1,0,0,0,0
-0.00011712,1,0,0,0,0
-7.4832e-05,1,0,0,0,0
-4.5816e-05,1,0,0,0,0
-2.6805e-05,1,0,0,0,0
-1.493e-05,1,0,0,0,0
-7.8775e-06,1,0,0,0,0
-3.9121e-06,1,0,0,0,0
-1.8132e-06,1,0,0,0,0
-7.7549e-07,1,0,0,0,0
-3.0128e-07,1,0,0,0,0
-1.0389e-07,1,0,0,0,0
-3.0631e-08,1,0,0,0,0
-7.1902e-09,1,0,0,0,0
-1.1061e-09,1,0,0,0,0
2.4635e-23,1,0,0,0,0
5.9728e-11,1,0,0,0,0
1.8366e-11,1,0,0,0,0
2.729e-12,1,0,0,0,0
1.7861e-13,1,0,0,0,0
2.9498e-15,1,0,0,0,0
1.521e-18,1,0,0,0,0
2.5664e-26,1,0,0,0,0
3.2492e-17,1,0,0,0,0
1.8751e-14,1,0,0,0,0
9.0621e-13,1,0,0,0,0
1.4768e-11,1,0,0,0,0
1.2966e-10,1,0,0,0,0
7.6097e-10,1,0,0,0,0
3.3554e-09,1,0,0,0,0
1.1924e-08,1,0,0,0,0
3.5718e-08,1,0,0,0,0
9.2913e-08,1,0,0,0,0
2.1408e-07,1,0,0,0,0
4.423e-07,1,0,0,0,0
8.2395e-07,1,0,0,0,0
1.3806e-06,1,0,0,0,0
2.0485e-06,1,0,0,0,0
2.5688e-06,1,0,0,0,0
2.3093e-06,1,0,0,0,0
-3.927e-23,1,0,0,0,0
-6.6306e-06,1,0,0,0,0
-2.1321e-05,1,0,0,0,0
-4.983e-05,1,0,0,0,0
-0.00010054,1,0,0,0,0
-0.00018505,1,0,0,0,0
-0.00031864,1,0,0,0,0
-0.00052052,1,0,0,0,0
-0.00081367,1,0,0,0,0
-0.0012241,1,0,0,0,0
-0.0017793,1,0,0,0,0
-0.0025059,1,0,0,0,0
-0.0034262,1,0,0,0,0
-0.0045535,1,0,0,0,0
-0.0058868,1,0,0,0,0
-0.0074037,1,0,0,0,0
-0.0090534,1,0,0,0,0
-0.01075,1,0,0,0,0
-0.012364,1,0,0,0,0
-0.013718,1,0,0,0,0
-0.014582,1,0,0,0,0
-0.014673,1,0,0,0,0
-0.013654,1,0,0,0,0
-0.011147,1,0,0,0,0
-0.0067382,1,0,0,0,0
2.197e-16,1,0,0,0,0
0.0094903,1,0,0,0,0
0.022122,1,0,0,0,0
0.03822,1,0,0,0,0
0.058013,1,0,0,0,0
0.081595,1,0,0,0,0
0.1089,1,0,0,0,0
0.13965,1,0,0,0,0
0.17338,1,0,0,0,0
0.20935,1,0,0,0,0
0.24661,1,0,0,0,0
0.28397,1,0,0,0,0
0.32001,1,0,0,0,0
0.35317,1,0,0,0,0
0.38173,1,0,0,0,0
0.40393,1,0,0,0,0
0.418,1,0,0,0,0
0.42229,1,0,0,0,0
0.41532,1,0,0,0,0
0.39585,1,0,0,0,0
0.36302,1,0,0,0,0
0.31638,1,0,0,0,0
0.25596,1,0,0,0,0
0.18229,1,0,0,0,0
0.096434,1,0,0,0,0
-5.5187e-15,1,0,0,0,0
-0.10493,1,0,0,0,0
-0.21583,1,0,0,0,0
-0.32982,1,0,0,0,0
-0.44378,1,0,0,0,0
-0.55445,1,0,0,0,0
-0.65854,1,0,0,0,0
-0.75291,1,0,0,0,0
-0.83467,1,0,0,0,0
-0.9013,1,0,0,0,0
-0.95076,1,0,0,0,0
-0.98158,1,0,0,0,0
-0.99292,1,0,0,0,0
-0.9846,1,0,0,0,0
-0.95711,1,0,0,0,0
-0.91156,1,0,0,0,0
-0.84967,1,0,0,0,0
-0.77365,1,0,0,0,0
-0.68611,1,0,0,0,0
-0.58995,1,0,0,0,0
-0.48825,1,0,0,0,0
-0.38411,1,0,0,0,0
-0.28055,1,0,0,0,0
-0.1804,1,0,0,0,0
-0.086168,1,0,0,0,0
6.6774e-15,1,0,0,0,0
0.076404,1,0,0,0,0
0.14182,1,0,0,0,0
0.19549,1,0,0,0,0
0.23717,1,0,0,0,0
0.26703,1,0,0,0,0
0.28564,1,0,0,0,0
0.29389,1,0,0,0,0
0.29296,1,0,0,0,0
0.28419,1,0,0,0,0
0.26903,1,0,0,0,0
0.24897,1,0,0,0,0
0.22547,1,0,0,0,0
0.19988,1,0,0,0,0
0.17345,1,0,0,0,0
0.14722,1,0,0,0,0
0.12208,1,0,0,0,0
0.098698,1,0,0,0,0
0.077559,1,0,0,0,0
0.058959,1,0,0,0,0
0.043036,1,0,0,0,0
0.029783,1,0,0,0,0
0.019083,1,0,0,0,0
0.010732,1,0,0,0,0
0.0044686,1,0,0,0,0
1.4282e-17,1,0,0,0,0
-0.0029791,1,0,0,0,0
-0.0047666,1,0,0,0,0
-0.0056394,1,0,0,0,0
-0.0058445,1,0,0,0,0
-0.0055928,1,0,0,0,0
-0.0050569,1,0,0,0,0
-0.0043722,1,0,0,0,0
-0.003639,1,0,0,0,0
-0.002927,1,0,0,0,0
-0.0022802,1,0,0,0,0
-0.0017223,1,0,0,0,0
-0.0012616,1,0,0,0,0
-0.00089585,1,0,0,0,0
-0.00061599,1,0,0,0,0
-0.00040944,1,0,0,0,0
-0.00026242,1,0,0,0,0
-0.00016163,1,0,0,0,0
-9.5224e-05,1,0,0,0,0
-5.3309e-05,1,0,0,0,0
-2.8088e-05,1,0,0,0,0
-1.3718e-05,1,0,0,0,0
-6.0468e-06,1,0,0,0,0
-2.2724e-06,1,0,0,0,0
-6.1162e-07,1,0,0,0,0
7.3197e-21,1,0,0,0,0
1.5082e-07,1,0,0,0,0
1.3612e-07,1,0,0,0,0
8.5304e-08,1,0,0,0,0
4.3398e-08,1,0,0,0,0
1.8568e-08,1,0,0,0,0
6.6764e-09,1,0,0,0,0
1.9745e-09,1,0,0,0,0
4.6024e-10,1,0,0,0,0
7.8577e-11,1,0,0,0,0
8.6447e-12,1,0,0,0,0
4.7921e-13,1,0,0,0,0
7.6181e-15,1,0,0,0,0
5.3842e-18,1,0,0,0,0
8.4698e-30,1,0,0,0,0
1.7763e-17,1,0,0,0,0
1.284e-14,1,0,0,0,0
6.2255e-13,1,0,0,0,0
9.5438e-12,1,0,0,0,0
7.6124e-11,1,0,0,0,0
3.9359e-10,1,0,0,0,0
1.4722e-09,1,0,0,0,0
4.187e-09,1,0,0,0,0
9.0034e-09,1,0,0,0,0
1.276e-08,1,0,0,0,0
-1.6498e-21,1,0,0,0,0
-7.5921e-08,1,0,0,0,0
-3.2851e-07,1,0,0,0,0
-9.9855e-07,1,0,0,0,0
-2.5473e-06,1,0,0,0,0
-5.7885e-06,1,0,0,0,0
-1.2061e-05,1,0,0,0,0
-2.3435e-05,1,0,0,0,0
-4.2932e-05,1,0,0,0,0
-7.4722e-05,1,0,0,0,0
-0.00012425,1,0,0,0,0
-0.00019822,1,0,0,0,0
-0.00030431,1,0,0,0,0
-0.00045063,1,0,0,0,0
-0.00064461,1,0,0,0,0
-0.00089149,1,0,0,0,0
-0.0011921,1,0,0,0,0
-0.0015401,1,0,0,0,0
-0.0019186,1,0,0,0,0
-0.0022962,1,0,0,0,0
-0.0026229,1,0,0,0,0
-0.0028263,1,0,0,0,0
-0.0028078,1,0,0,0,0
-0.00244,1,0,0,0,0
-0.001566,1,0,0,0,0
1.5447e-16,1,0,0,0,0
0.0024684,1,0,0,0,0
0.0060676,1,0,0,0,0
0.011033,1,0,0,0,0
0.017595,1,0,0,0,0
0.025958,1,0,0,0,0
0.036283,1,0,0,0,0
0.048663,1,0,0,0,0
0.0631,1,0,0,0,0
0.079481,1,0,0,0,0
0.097557,1,0,0,0,0
0.11692,1,0,0,0,0
0.13701,1,0,0,0,0
0.15708,1,0,0,0,0
0.17623,1,0,0,0,0
0.1934,1,0,0,0,0
0.20741,1,0,0,0,0
0.217,1,0,0,0,0
0.22087,1,0,0,0,0
0.21774,1,0,0,0,0
0.20641,1,0,0,0,0
0.18586,1,0,0,0,0
0.15527,1,0,0,0,0
0.11414,1,0,0,0,0
0.062301,1,0,0,0,0
5.2437e-16,1,0,0,0,0
-0.072083,1,0,0,0,0
-0.15282,1,0,0,0,0
-0.24062,1,0,0,0,0
-0.3335,1,0,0,0,0
-0.4291,1,0,0,0,0
-0.52475,1,0,0,0,0
-0.61761,1,0,0,0,0
-0.70472,1,0,0,0,0
-0.78313,1,0,0,0,0
-0.85007,1,0,0,0,0
-0.903,1,0,0,0,0
-0.93978,1,0,0,0,0
-0.95874,1,0,0,0,0
-0.95879,1,0,0,0,0
-0.93945,1,0,0,0,0
-0.90088,1,0,0,0,0
-0.84394,1,0,0,0,0
-0.77009,1,0,0,0,0
-0.68138,1,0,0,0,0
-0.58035,1,0,0,0,0
-0.46994,1,0,0,0,0
-0.35335,1,0,0,0,0
-0.23395,1,0,0,0,0
-0.11508,1,0,0,0,0
2.1885e-15,1,0,0,0,0
0.10831,1,0,0,0,0
0.20721,1,0,0,0,0
0.29452,1,0,0,0,0
0.36853,1,0,0,0,0
0.42813,1,0,0,0,0
0.47272,1,0,0,0,0
0.5023,1,0,0,0,0
0.51735,1,0,0,0,0
0.51881,1,0,0,0,0
0.50802,1,0,0,0,0
0.4866,1,0,0,0,0
0.45639,1,0,0,0,0
0.41934,1,0,0,0,0
0.37742,1,0,0,0,0
0.33255,1,0,0,0,0
0.2865,1,0,0,0,0
0.24088,1,0,0,0,0
0.19705,1,0,0,0,0
0.1561,1,0,0,0,0
0.11888,1,0,0,0,0
0.085941,1,0,0,0,0
0.057597,1,0,0,0,0
0.03393,1,0,0,0,0
0.014822,1,0,0,0,0
-5.993e-16,1,0,0,0,0
-0.010932,1,0,0,0,0
-0.01845,1,0,0,0,0
-0.023073,1,0,0,0,0
-0.025332,1,0,0,0,0
-0.025745,1,0,0,0,0
-0.024788,1,0,0,0,0
-0.022888,1,0,0,0,0
-0.020409,1,0,0,0,0
-0.017648,1,0,0,0,0
-0.014837,1,0,0,0,0
-0.012145,1,0,0,0,0
-0.0096852,1,0,0,0,0
-0.0075257,1,0,0,0,0
-0.0056945,1,0,0,0,0
-0.0041915,1,0,0,0,0
-0.002996,1,0,0,0,0
-0.0020742,1,0,0,0,0
-0.0013858,1,0,0,0,0
-0.00088866,1,0,0,0,0
-0.00054251,1,0,0,0,0
-0.00031105,1,0,0,0,0
-0.00016341,1,0,0,0,0
-7.4485e-05,1,0,0,0,0
-2.482e-05,1,0,0,0,0
1.1927e-18,1,0,0,0,0
1.0136e-05,1,0,0,0,0
1.2368e-05,1,0,0,0,0
1.0936e-05,1,0,0,0,0
8.2782e-06,1,0,0,0,0
5.6358e-06,1,0,0,0,0
3.5174e-06,1,0,0,0,0
2.0267e-06,1,0,0,0,0
1.0788e-06,1,0,0,0,0
5.2863e-07,1,0,0,0,0
2.3669e-07,1,0,0,0,0
9.5739e-08,1,0,0,0,0
3.4418e-08,1,0,0,0,0
1.0746e-08,1,0,0,0,0
2.8195e-09,1,0,0,0,0
5.9191e-10,1,0,0,0,0
9.2161e-11,1,0,0,0,0
9.3717e-12,1,0,0,0,0
4.91e-13,1,0,0,0,0
7.8145e-15,1,0,0,0,0
7.1621e-18,1,0,0,0,0
1.4168e-35,1,0,0,0,0
3.1539e-18,1,0,0,0,0
2.3807e-15,1,0,0,0,0
7.1028e-14,1,0,0,0,0
-1.2954e-25,1,0,0,0,0
-1.19e-11,1,0,0,0,0
-1.4599e-10,1,0,0,0,0
-1.0051e-09,1,0,0,0,0
-4.9658e-09,1,0,0,0,0
-1.9501e-08,1,0,0,0,0
-6.444e-08,1,0,0,0,0
-1.8581e-07,1,0,0,0,0
-4.7929e-07,1,0,0,0,0
-1.1259e-06,1,0,0,0,0
-2.441e-06,1,0,0,0,0
-4.9336e-06,1,0,0,0,0
-9.368e-06,1,0,0,0,0
-1.6811e-05,1,0,0,0,0
-2.8641e-05,1,0,0,0,0
-4.6471e-05,1,0,0,0,0
-7.1963e-05,1,0,0,0,0
-0.00010645,1,0,0,0,0
-0.00015032,1,0,0,0,0
-0.00020213,1,0,0,0,0
-0.00025741,1,0,0,0,0
-0.00030707,1,0,0,0,0
-0.00033561,1,0,0,0,0
-0.00031907,1,0,0,0,0
-0.00022289,1,0,0,0,0
4.768e-18,1,0,0,0,0
0.00041074,1,0,0,0,0
0.0010853,1,0,0,0,0
0.002114,1,0,0,0,0
0.0035999,1,0,0,0,0
0.0056546,1,0,0,0,0
0.0083929,1,0,0,0,0
0.011924,1,0,0,0,0
0.016341,1,0,0,0,0
0.02171,1,0,0,0,0
0.02805,1,0,0,0,0
0.035326,1,0,0,0,0
0.043426,1,0,0,0,0
0.05215,1,0,0,0,0
0.061194,1,0,0,0,0
0.070148,1,0,0,0,0
0.078484,1,0,0,0,0
0.085566,1,0,0,0,0
0.090657,1,0,0,0,0
0.092937,1,0,0,0,0
0.091532,1,0,0,0,0
0.085553,1,0,0,0,0
0.074131,1,0,0,0,0
0.056477,1,0,0,0,0
0.031926,1,0,0,0,0
-5.5716e-15,1,0,0,0,0
-0.039543,1,0,0,0,0
-0.086662,1,0,0,0,0
-0.14099,1,0,0,0,0
-0.2018,1,0,0,0,0
-0.26801,1,0,0,0,0
-0.33818,1,0,0,0,0
-0.41052,1,0,0,0,0
-0.48295,1,0,0,0,0
-0.55317,1,0,0,0,0
-0.61869,1,0,0,0,0
-0.67701,1,0,0,0,0
-0.72562,1,0,0,0,0
-0.76221,1,0,0,0,0
-0.78469,1,0,0,0,0
-0.79137,1,0,0,0,0
-0.78099,1,0,0,0,0
-0.75286,1,0,0,0,0
-0.70684,1,0,0,0,0
-0.64346,1,0,0,0,0
-0.56384,1,0,0,0,0
-0.4697,1,0,0,0,0
-0.36334,1,0,0,0,0
-0.24749,1,0,0,0,0
-0.12526,1,0,0,0,0
8.819e-15,1,0,0,0,0
0.12481,1,0,0,0,0
0.24574,1,0,0,0,0
0.35949,1,0,0,0,0
0.46308,1,0,0,0,0
0.55391,1,0,0,0,0
0.62987,1,0,0,0,0
0.68943,1,0,0,0,0
0.73165,1,0,0,0,0
0.75623,1,0,0,0,0
0.76347,1,0,0,0,0
0.75423,1,0,0,0,0
0.72989,1,0,0,0,0
0.69224,1,0,0,0,0
0.64341,1,0,0,0,0
0.58572,1,0,0,0,0
0.52165,1,0,0,0,0
0.45364,1,0,0,0,0
0.38406,1,0,0,0,0
0.31509,1,0,0,0,0
0.24868,1,0,0,0,0
0.18646,1,0,0,0,0
0.12971,1,0,0,0,0
0.079384,1,0,0,0,0
0.036062,1,0,0,0,0
5.0526e-16,1,0,0,0,0
-0.028848,1,0,0,0,0
-0.05079,1,0,0,0,0
-0.066343,1,0,0,0,0
-0.076184,1,0,0,0,0
-0.081091,1,0,0,0,0
-0.081903,1,0,0,0,0
-0.079461,1,0,0,0,0
-0.074581,1,0,0,0,0
-0.068015,1,0,0,0,0
-0.06043,1,0,0,0,0
-0.052393,1,0,0,0,0
-0.044366,1,0,0,0,0
-0.036701,1,0,0,0,0
-0.029651,1,0,0,0,0
-0.023376,1,0,0,0,0
-0.017958,1,0,0,0,0
-0.013413,1,0,0,0,0
-0.0097077,1,0,0,0,0
-0.0067749,1,0,0,0,0
-0.0045239,1,0,0,0,0
-0.0028531,1,0,0,0,0
-0.0016589,1,0,0,0,0
-0.00084278,1,0,0,0,0
-0.00031545,1,0,0,0,0
2.8929e-17,1,0,0,0,0
0.00016707,1,0,0,0,0
0.00023599,1,0,0,0,0
0.0002447,1,0,0,0,0
0.00022047,1,0,0,0,0
0.00018178,1,0,0,0,0
0.00014021,1,0,0,0,0
0.00010226,1,0,0,0,0
7.0892e-05,1,0,0,0,0
4.6823e-05,1,0,0,0,0
2.9471e-05,1,0,0,0,0
1.7654e-05,1,0,0,0,0
1.0039e-05,1,0,0,0,0
5.3979e-06,1,0,0,0,0
2.7302e-06,1,0,0,0,0
1.2898e-06,1,0,0,0,0
5.64e-07,1,0,0,0,0
2.2555e-07,1,0,0,0,0
8.1199e-08,1,0,0,0,0
2.5752e-08,1,0,0,0,0
6.9806e-09,1,0,0,0,0
1.5468e-09,1,0,0,0,0
2.6113e-10,1,0,0,0,0
2.9634e-11,1,0,0,0,0
1.6921e-12,1,0,0,0,0
-4.0521e-27,1,0,0,0,0
-2.1066e-15,1,0,0,0,0
-6.4364e-18,1,0,0,0,0
-2.8508e-28,1,0,0,0,0
-1.7725e-18,1,0,0,0,0
-3.7351e-15,1,0,0,0,0
-2.9605e-13,1,0,0,0,0
-6.403e-12,1,0,0,0,0
-6.8273e-11,1,0,0,0,0
-4.6486e-10,1,0,0,0,0
-2.317e-09,1,0,0,0,0
-9.167e-09,1,0,0,0,0
-3.0319e-08,1,0,0,0,0
-8.6811e-08,1,0,0,0,0
-2.2051e-07,1,0,0,0,0
-5.0569e-07,1,0,0,0,0
-1.0602e-06,1,0,0,0,0
-2.0498e-06,1,0,0,0,0
-3.675e-06,1,0,0,0,0
-6.1229e-06,1,0,0,0,0
-9.4636e-06,1,0,0,0,0
-1.3463e-05,1,0,0,0,0
-1.7282e-05,1,0,0,0,0
-1.9045e-05,1,0,0,0,0
-1.5246e-05,1,0,0,0,0
-1.1085e-18,2,1201,0,0,0
3.5834e-05,2,1201,0,0,0
0.00010562,2,1201,0,0,0
0.00022788,2,1201,0,0,0
0.00042713,2,1201,0,0,0
0.00073431,2,1201,0,0,0
0.0011868,2,1201,0,0,0
0.0018275,2,1201,0,0,0
0.0027032,2,1201,0,0,0
0.0038613,2,1201,0,0,0
0.0053457,2,1201,0,0,0
0.0071906,2,1201,0,0,0
0.0094135,2,1201,0,0,0
0.012007,2,1201,0,0,0
0.014927,2,1201,0,0,0
0.018088,2,1201,0,0,0
0.021348,2,1201,0,0,0
0.024504,2,1201,0,0,0
0.027284,2,1201,0,0,0
0.029346,2,1201,0,0,0
0.030277,2,1201,0,0,0
0.029603,2,1201,0,0,0
0.026796,2,1201,0,0,0
0.0213,2,1201,0,0,0
0.012548,2,1201,0,0,0
-1.3679e-15,2,1201,0,0,0
-0.016827,2,1201,0,0,0
-0.038315,2,1201,0,0,0
-0.064707,2,1201,0,0,0
-0.096067,2,1201,0,0,0
-0.13224,2,1201,0,0,0
-0.17282,2,1201,0,0,0
-0.21714,2,1201,0,0,0
-0.26423,2,1201,0,0,0
-0.31288,2,1201,0,0,0
-0.36158,2,1201,0,0,0
-0.40861,2,1201,0,0,0
-0.45208,2,1201,0,0,0
-0.48999,2,1201,0,0,0
-0.5203,2,1201,0,0,0
-0.54102,2,1201,0,0,0
-0.55033,2,1201,0,0,0
-0.54664,2,1201,0,0,0
-0.5287,2,1201,0,0,0
-0.49567,2,1201,0,0,0
-0.44721,2,1201,0,0,0
-0.38353,2,1201,0,0,0
-0.30537,2,1201,0,0,0
-0.21406,2,1201,0,0,0
-0.11148,2,1201,0,0,0
8.9913e-16,2,1201,0,0,0
0.1176,2,1201,0,0,0
0.23821,2,1201,0,0,0
0.3585,2,1201,0,0,0
0.4751,2,1201,0,0,0
0.58464,2,1201,0,0,0
0.68399,2,1201,0,0,0
0.77031,2,1201,0,0,0
0.8412,2,1201,0,0,0
0.89478,2,1201,0,0,0
0.92977,2,1201,0,0,0
0.94555,2,1201,0,0,0
0.94213,2,1201,0,0,0
0.9202,2,1201,0,0,0
0.88101,2,1201,0,0,0
0.82637,2,1201,0,0,0
0.75853,2,1201,0,0,0
0.68008,2,1201,0,0,0
0.59382,2,1201,0,0,0
0.50266,2,1201,0,0,0
0.40948,2,1201,0,0,0
0.31704,2,1201,0,0,0
0.22787,2,1201,0,0,0
0.14415,2,1201,0,0,0
0.067729,2,1201,0,0,0
-9.3398e-15,2,1201,0,0,0
-0.058067,2,1201,0,0,0
-0.10594,2,1201,0,0,0
-0.14352,2,1201,0,0,0
-0.17106,2,1201,0,0,0
-0.18914,2,1201,0,0,0
-0.19864,2,1201,0,0,0
-0.20058,2,1201,0,0,0
-0.19616,2,1201,0,0,0
-0.1866,2,1201,0,0,0
-0.17315,2,1201,0,0,0
-0.157,2,1201,0,0,0
-0.13922,2,1201,0,0,0
-0.1208,2,1201,0,0,0
-0.10253,2,1201,0,0,0
-0.085072,2,1201,0,0,0
-0.068912,2,1201,0,0,0
-0.054385,2,1201,0,0,0
-0.041685,2,1201,0,0,0
-0.030884,2,1201,0,0,0
-0.02195,2,1201,0,0,0
-0.014777,2,1201,0,0,0
-0.0092002,2,1201,0,0,0
-0.005022,2,1201,0,0,0
-0.0020273,2,1201,0,0,0
1.0069e-16,2,1201,0,0,0
0.001265,2,1201,0,0,0
0.0019535,2,1201,0,0,0
0.002227,2,1201,0,0,0
0.0022197,2,1201,0,0,0
0.0020386,2,1201,0,0,0
0.0017651,2,1201,0,0,0
0.0014577,2,1201,0,0,0
0.0011556,2,1201,0,0,0
0.00088268,2,1201,0,0,0
0.00065076,2,1201,0,0,0
0.00046341,2,1201,0,0,0
0.00031867,2,1201,0,0,0
0.0002114,2,1201,0,0,0
0.00013506,2,1201,0,0,0
8.2895e-05,2,1201,0,0,0
4.8713e-05,2,1201,0,0,0
2.7285e-05,2,1201,0,0,0
1.448e-05,2,1201,0,0,0
7.2213e-06,2,1201,0,0,0
3.3454e-06,2,1201,0,0,0
1.4144e-06,2,1201,0,0,0
5.297e-07,2,1201,0,0,0
1.6531e-07,2,1201,0,0,0
3.592e-08,2,1201,0,0,0
3.3455e-22,2,1201,0,0,0
-5.1393e-09,2,1201,0,0,0
-3.2543e-09,2,1201,0,0,0
-1.3205e-09,2,1201,0,0,0
-3.8883e-10,2,1201,0,0,0
-8.174e-11,2,1201,0,0,0
-1.1199e-11,2,1201,0,0,0
-8.2066e-13,2,1201,0,0,0
-2.0596e-14,2,1201,0,0,0
-4.7182e-17,2,1201,0,0,0
-2.919e-25,2,1201,0,0,0
-1.4354e-18,2,1201,0,0,0
-4.1365e-15,2,1201,0,0,0
-3.2691e-13,2,1201,0,0,0
-6.6449e-12,2,1201,0,0,0
-6.5321e-11,2,1201,0,0,0
-4.0607e-10,2,1201,0,0,0
-1.833e-09,2,1201,0,0,0
-6.5035e-09,2,1201,0,0,0
-1.9027e-08,2,1201,0,0,0
-4.7211e-08,2,1201,0,0,0
-1.0062e-07,2,1201,0,0,0
-1.8326e-07,2,1201,0,0,0
-2.7427e-07,2,1201,0,0,0
-2.8772e-07,2,1201,0,0,0
6.6574e-20,2,1201,0,0,0
1.068e-06,2,1201,0,0,0
3.8262e-06,2,1201,0,0,0
9.8575e-06,2,1201,0,0,0
2.1725e-05,2,1201,0,0,0
4.3338e-05,2,1201,0,0,0
8.0332e-05,2,1201,0,0,0
0.00014043,2,1201,0,0,0
0.00023371,2,1201,0,0,0
0.00037262,2,1201,0,0,0
0.00057171,2,1201,0,0,0
0.00084686,2,1201,0,0,0
0.0012139,2,1201,0,0,0
0.0016866,2,1201,0,0,0
0.0022735,2,1201,0,0,0
0.0029744,2,1201,0,0,0
0.0037756,2,1201,0,0,0
0.0046448,2,1201,0,0,0
0.0055252,2,1201,0,0,0
0.0063301,2,1201,0,0,0
0.0069381,2,1201,0,0,0
0.0071884,2,1201,0,0,0
0.0068796,2,1201,0,0,0
0.0057694,2,1201,0,0,0
0.003579,2,1201,0,0,0
-1.3676e-16,2,1201,0,0,0
-0.0052932,2,1201,0,0,0
-0.012628,2,1201,0,0,0
-0.022311,2,1201,0,0,0
-0.034606,2,1201,0,0,0
-0.049706,2,1201,0,0,0
-0.067705,2,1201,0,0,0
-0.088564,2,1201,0,0,0
-0.11209,2,1201,0,0,0
-0.13791,2,1201,0,0,0
-0.16546,2,1201,0,0,0
-0.19396,2,1201,0,0,0
-0.22243,2,1201,0,0,0
-0.24971,2,1201,0,0,0
-0.27446,2,1201,0,0,0
-0.29522,2,1201,0,0,0
-0.31046,2,1201,0,0,0
-0.31864,2,1201,0,0,0
-0.31829,2,1201,0,0,0
-0.30804,2,1201,0,0,0
-0.28678,2,1201,0,0,0
-0.25368,2,1201,0,0,0
-0.20826,2,1201,0,0,0
-0.15048,2,1201,0,0,0
-0.080754,2,1201,0,0,0
1.473e-14,2,1201,0,0,0
0.090378,2,1201,0,0,0
0.1885,2,1201,0,0,0
0.29206,2,1201,0,0,0
0.39838,2,1201,0,0,0
0.50453,2,1201,0,0,0
0.6074,2,1201,0,0,0
0.70384,2,1201,0,0,0
0.79079,2,1201,0,0,0
0.86539,2,1201,0,0,0
0.92512,2,1201,0,0,0
0.96789,2,1201,0,0,0
0.99216,2,1201,0,0,0
0.997,2,1201,0,0,0
0.98213,2,1201,0,0,0
0.94793,2,1201,0,0,0
0.89544,2,1201,0,0,0
0.82631,2,1201,0,0,0
0.74272,2,1201,0,0,0
0.64731,2,1201,0,0,0
0.54305,2,1201,0,0,0
0.4331,2,1201,0,0,0
0.32072,2,1201,0,0,0
0.20911,2,1201,0,0,0
0.10129,2,1201,0,0,0
-8.3408e-15,2,1201,0,0,0
-0.0924,2,1201,0,0,0
-0.174,2,1201,0,0,0
-0.2434,2,1201,0,0,0
-0.29971,2,1201,0,0,0
-0.34255,2,1201,0,0,0
-0.37205,2,1201,0,0,0
-0.38879,2,1201,0,0,0
-0.39372,2,1201,0,0,0
-0.38812,2,1201,0,0,0
-0.37348,2,1201,0,0,0
-0.35145,2,1201,0,0,0
-0.32374,2,1201,0,0,0
-0.29205,2,1201,0,0,0
-0.25798,2,1201,0,0,0
-0.22301,2,1201,0,0,0
-0.18842,2,1201,0,0,0
-0.15528,2,1201,0,0,0
-0.12446,2,1201,0,0,0
-0.096554,2,1201,0,0,0
-0.071968,2,1201,0,0,0
-0.050893,2,1201,0,0,0
-0.033344,2,1201,0,0,0
-0.019189,2,1201,0,0,0
-0.0081835,2,1201,0,0,0
1.3586e-19,2,1201,0,0,0
0.0057384,2,1201,0,0,0
0.0094305,2,1201,0,0,0
0.011473,2,1201,0,0,0
0.012242,2,1201,0,0,0
0.012077,2,1201,0,0,0
0.011274,2,1201,0,0,0
0.010079,2,1201,0,0,0
0.0086895,2,1201,0,0,0
0.0072536,2,1201,0,0,0
0.0058767,2,1201,0,0,0
0.004627,2,1201,0,0,0
0.0035421,2,1201,0,0,0
0.0026361,2,1201,0,0,0
0.0019056,2,1201,0,0,0
0.0013364,2,1201,0,0,0
0.00090733,2,1201,0,0,0
0.00059465,2,1201,0,0,0
0.00037467,2,1201,0,0,0
0.00022564,2,1201,0,0,0
0.00012874,2,1201,0,0,0
6.8616e-05,2,1201,0,0,0
3.3303e-05,2,1201,0,0,0
1.3926e-05,2,1201,0,0,0
4.2229e-06,2,1201,0,0,0
-3.4662e-19,2,1201,0,0,0
-1.3863e-06,2,1201,0,0,0
-1.489e-06,2,1201,0,0,0
-1.1414e-06,2,1201,0,0,0
-7.3522e-07,2,1201,0,0,0
-4.1649e-07,2,1201,0,0,0
-2.1037e-07,2,1201,0,0,0
-9.4749e-08,2,1201,0,0,0
-3.7709e-08,2,1201,0,0,0
-1.3034e-08,2,1201,0,0,0
-3.8065e-09,2,1201,0,0,0
-9.0058e-10,2,1201,0,0,0
-1.6159e-10,2,1201,0,0,0
-1.9712e-11,2,1201,0,0,0
-1.3397e-12,2,1201,0,0,0
-3.322e-14,2,1201,0,0,0
-9.0797e-17,2,1201,0,0,0
-1.0662e-23,2,1201,0,0,0
-4.0707e-19,2,1201,0,0,0
-1.8156e-15,2,1201,0,0,0
-1.4467e-13,2,1201,0,0,0
-2.6414e-12,2,1201,0,0,0
-2.1417e-11,2,1201,0,0,0
-9.7311e-11,2,1201,0,0,0
-2.4212e-10,2,1201,0,0,0
5.2337e-23,2,1201,0,0,0
3.1846e-09,2,1201,0,0,0
1.8432e-08,2,1201,0,0,0
7.1495e-08,2,1201,0,0,0
2.2444e-07,2,1201,0,0,0
6.0993e-07,2,1201,0,0,0
1.4854e-06,2,1201,0,0,0
3.311e-06,2,1201,0,0,0
6.852e-06,2,1201,0,0,0
1.33e-05,2,1201,0,0,0
2.4398e-05,2,1201,0,0,0
4.2545e-05,2,1201,0,0,0
7.0832e-05,2,1201,0,0,0
0.00011297,2,1201,0,0,0
0.00017301,2,1201,0,0,0
0.00025484,2,1201,0,0,0
0.00036128,2,1201,0,0,0
0.00049282,2,1201,0,0,0
0.00064588,2,1201,0,0,0
0.00081058,2,1201,0,0,0
0.00096816,2,1201,0,0,0
0.001088,2,1201,0,0,0
0.0011246,2,1201,0,0,0
0.0010146,2,1201,0,0,0
0.00067475,2,1201,0,0,0
2.7517e-17,2,1201,0,0,0
-0.0011362,2,1201,0,0,0
-0.00288,2,1201,0,0,0
-0.0053932,2,1201,0,0,0
-0.0088461,2,1201,0,0,0
-0.013408,2,1201,0,0,0
-0.019233,2,1201,0,0,0
-0.026447,2,1201,0,0,0
-0.035128,2,1201,0,0,0
-0.045287,2,1201,0,0,0
-0.056848,2,1201,0,0,0
-0.06963,2,1201,0,0,0
-0.083329,2,1201,0,0,0
-0.097509,2,1201,0,0,0
-0.11159,2,1201,0,0,0
-0.12485,2,1201,0,0,0
-0.13643,2,1201,0,0,0
-0.14538,2,1201,0,0,0
-0.15065,2,1201,0,0,0
-0.15113,2,1201,0,0,0
-0.14574,2,1201,0,0,0
-0.13345,2,1201,0,0,0
-0.11334,2,1201,0,0,0
-0.084667,2,1201,0,0,0
-0.046951,2,1201,0,0,0
5.6293e-15,2,1201,0,0,0
0.056026,2,1201,0,0,0
0.12058,2,1201,0,0,0
0.1927,2,1201,0,0,0
0.27104,2,1201,0,0,0
0.35382,2,1201,0,0,0
0.43893,2,1201,0,0,0
0.52398,2,1201,0,0,0
0.60632,2,1201,0,0,0
0.68322,2,1201,0,0,0
0.75191,2,1201,0,0,0
0.80974,2,1201,0,0,0
0.85425,2,1201,0,0,0
0.88335,2,1201,0,0,0
0.89535,2,1201,0,0,0
0.88912,2,1201,0,0,0
0.86408,2,1201,0,0,0
0.82032,2,1201,0,0,0
0.75855,2,1201,0,0,0
0.68014,2,1201,0,0,0
0.58704,2,1201,0,0,0
0.48171,2,1201,0,0,0
0.36706,2,1201,0,0,0
0.24629,2,1201,0,0,0
0.12279,2,1201,0,0,0
-2.8406e-15,2,1201,0,0,0
-0.11871,2,1201,0,0,0
-0.23022,2,1201,0,0,0
-0.33171,2,1201,0,0,0
-0.42083,2,1201,0,0,0
-0.49571,2,1201,0,0,0
-0.55505,2,1201,0,0,0
-0.59817,2,1201,0,0,0
-0.62495,2,1201,0,0,0
-0.63584,2,1201,0,0,0
-0.63178,2,1201,0,0,0
-0.61417,2,1201,0,0,0
-0.58476,2,1201,0,0,0
-0.54555,2,1201,0,0,0
-0.49868,2,1201,0,0,0
-0.44636,2,1201,0,0,0
-0.39078,2,1201,0,0,0
-0.33396,2,1201,0,0,0
-0.27778,2,1201,0,0,0
-0.22384,2,1201,0,0,0
-0.17345,2,1201,0,0,0
-0.12764,2,1201,0,0,0
-0.087118,2,1201,0,0,0
-0.052288,2,1201,0,0,0
-0.023284,2,1201,0,0,0
3.3601e-15,2,1201,0,0,0
0.017874,2,1201,0,0,0
0.030801,2,1201,0,0,0
0.039358,2,1201,0,0,0
0.044184,2,1201,0,0,0
0.045948,2,1201,0,0,0
0.045306,2,1201,0,0,0
0.04288,2,1201,0,0,0
0.039229,2,1201,0,0,0
0.03484,2,1201,0,0,0
0.030116,2,1201,0,0,0
0.025377,2,1201,0,0,0
0.020862,2,1201,0,0,0
0.016734,2,1201,0,0,0
0.013092,2,1201,0,0,0
0.0099803,2,1201,0,0,0
0.0074022,2,1201,0,0,0
0.0053286,2,1201,0,0,0
0.0037103,2,1201,0,0,0
0.0024861,2,1201,0,0,0
0.0015902,2,1201,0,0,0
0.00095834,2,1201,0,0,0
0.00053102,2,1201,0,0,0
0.00025631,2,1201,0,0,0
9.0845e-05,2,1201,0,0,0
-4.913e-18,2,1201,0,0,0
-4.2641e-05,2,1201,0,0,0
-5.6314e-05,2,1201,0,0,0
-5.4305e-05,2,1201,0,0,0
-4.5228e-05,2,1201,0,0,0
-3.4231e-05,2,1201,0,0,0
-2.4044e-05,2,1201,0,0,0
-1.5821e-05,2,1201,0,0,0
-9.7896e-06,2,1201,0,0,0
-5.6979e-06,2,1201,0,0,0
-3.1129e-06,2,1201,0,0,0
-1.5894e-06,2,1201,0,0,0
-7.535e-07,2,1201,0,0,0
-3.2872e-07,2,1201,0,0,0
-1.3036e-07,2,1201,0,0,0
-4.6229e-08,2,1201,0,0,0
-1.4334e-08,2,1201,0,0,0
-3.7661e-09,2,1201,0,0,0
-8.0112e-10,2,1201,0,0,0
-1.2875e-10,2,1201,0,0,0
-1.3967e-11,2,1201,0,0,0
-8.3627e-13,2,1201,0,0,0
-1.8185e-14,2,1201,0,0,0
-4.6129e-17,2,1201,0,0,0
-2.3636e-23,2,1201,0,0,0
-1.6631e-34,2,1201,0,0,0
2.0832e-16,2,1201,0,0,0
4.5605e-14,2,1201,0,0,0
1.6285e-12,2,1201,0,0,0
2.3674e-11,2,1201,0,0,0
2.0015e-10,2,1201,0,0,0
1.1752e-09,2,1201,0,0,0
5.3032e-09,2,1201,0,0,0
1.9596e-08,2,1201,0,0,0
6.1844e-08,2,1201,0,0,0
1.7166e-07,2,1201,0,0,0
4.2805e-07,2,1201,0,0,0
9.7402e-07,2,1201,0,0,0
2.0464e-06,2,1201,0,0,0
4.0048e-06,2,1201,0,0,0
7.3489e-06,2,1201,0,0,0
1.2703e-05,2,1201,0,0,0
2.0747e-05,2,1201,0,0,0
3.2045e-05,2,1201,0,0,0
4.6758e-05,2,1201,0,0,0
6.4164e-05,2,1201,0,0,0
8.1986e-05,2,1201,0,0,0
9.5474e-05,2,1201,0,0,0
9.6262e-05,2,1201,0,0,0
7.1024e-05,2,1201,0,0,0
-1.358e-17,2,1201,0,0,0
-0.00014447,2,1201,0,0,0
-0.00039921,2,1201,0,0,0
-0.00081114,2,1201,0,0,0
-0.0014374,2,1201,0,0,0
-0.0023445,2,1201,0,0,0
-0.0036064,2,1201,0,0,0
-0.0053007,2,1201,0,0,0
-0.007503,2,1201,0,0,0
-0.01028,2,1201,0,0,0
-0.01368,2,1201,0,0,0
-0.017721,2,1201,0,0,0
-0.022383,2,1201,0,0,0
-0.027587,2,1201,0,0,0
-0.033192,2,1201,0,0,0
-0.038978,2,1201,0,0,0
-0.044637,2,1201,0,0,0
-0.049773,2,1201,0,0,0
-0.053895,2,1201,0,0,0
-0.056429,2,1201,0,0,0
-0.056727,2,1201,0,0,0
-0.054086,2,1201,0,0,0
-0.047782,2,1201,0,0,0
-0.037095,2,1201,0,0,0
-0.021359,2,1201,0,0,0
1.1389e-15,2,1201,0,0,0
0.02741,2,1201,0,0,0
0.061109,2,1201,0,0,0
0.1011,2,1201,0,0,0
0.14711,2,1201,0,0,0
0.19855,2,1201,0,0,0
0.25454,2,1201,0,0,0
0.31384,2,1201,0,0,0
0.37492,2,1201,0,0,0
0.43596,2,1201,0,0,0
0.49491,2,1201,0,0,0
0.54957,2,1201,0,0,0
0.59764,2,1201,0,0,0
0.63683,2,1201,0,0,0
0.66498,2,1201,0,0,0
0.68011,2,1201,0,0,0
0.6806,2,1201,0,0,0
0.66519,2,1201,0,0,0
0.63315,2,1201,0,0,0
0.58427,2,1201,0,0,0
0.51894,2,1201,0,0,0
0.43816,2,1201,0,0,0
0.34351,2,1201,0,0,0
0.23712,2,1201,0,0,0
0.12162,2,1201,0,0,0
-2.3138e-14,2,1201,0,0,0
-0.12445,2,1201,0,0,0
-0.24831,2,1201,0,0,0
-0.36811,2,1201,0,0,0
-0.48054,2,1201,0,0,0
-0.5825,2,1201,0,0,0
-0.67131,2,1201,0,0,0
-0.74472,2,1201,0,0,0
-0.80106,2,1201,0,0,0
-0.83928,2,1201,0,0,0
-0.85896,2,1201,0,0,0
-0.86032,2,1201,0,0,0
-0.84417,2,1201,0,0,0
-0.8119,2,1201,0,0,0
-0.76534,2,1201,0,0,0
-0.70674,2,1201,0,0,0
-0.63857,2,1201,0,0,0
-0.56349,2,1201,0,0,0
-0.48417,2,1201,0,0,0
-0.40323,2,1201,0,0,0
-0.32313,2,1201,0,0,0
-0.24606,2,1201,0,0,0
-0.17389,2,1201,0,0,0
-0.10814,2,1201,0,0,0
-0.049931,2,1201,0,0,0
4.6292e-15,2,1201,0,0,0
0.041309,2,1201,0,0,0
0.074002,2,1201,0,0,0
0.098395,2,1201,0,0,0
0.11506,2,1201,0,0,0
0.12478,2,1201,0,0,0
0.12846,2,1201,0,0,0
0.12711,2,1201,0,0,0
0.12174,2,1201,0,0,0
0.11336,2,1201,0,0,0
0.1029,2,1201,0,0,0
0.091219,2,1201,0,0,0
0.079035,2,1201,0,0,0
0.066952,2,1201,0,0,0
0.05544,2,1201,0,0,0
0.04484,2,1201,0,0,0
0.035375,2,1201,0,0,0
0.027164,2,1201,0,0,0
0.020238,2,1201,0,0,0
0.014557,2,1201,0,0,0
0.010033,2,1201,0,0,0
0.0065414,2,1201,0,0,0
0.0039387,2,1201,0,0,0
0.002076,2,1201,0,0,0
0.00080783,2,1201,0,0,0
-9.6632e-18,2,1201,0,0,0
-0.00046572,2,1201,0,0,0
-0.00068909,2,1201,0,0,0
-0.00075082,2,1201,0,0,0
-0.00071333,2,1201,0,0,0
-0.0006226,2,1201,0,0,0
-0.00051059,2,1201,0,0,0
-0.00039792,2,1201,0,0,0
-0.00029646,2,1201,0,0,0
-0.00021181,2,1201,0,0,0
-0.00014529,2,1201,0,0,0
-9.5685e-05,2,1201,0,0,0
-6.0435e-05,2,1201,0,0,0
-3.6534e-05,2,1201,0,0,0
-2.1076e-05,2,1201,0,0,0
-1.1556e-05,2,1201,0,0,0
-5.9909e-06,2,1201,0,0,0
-2.9165e-06,2,1201,0,0,0
-1.3213e-06,2,1201,0,0,0
-5.5045e-07,2,1201,0,0,0
-2.0738e-07,2,1201,0,0,0
-6.8958e-08,2,1201,0,0,0
-1.9461e-08,2,1201,0,0,0
-4.3289e-09,2,1201,0,0,0
-6.223e-10,2,1201,0,0,0
2.3079e-23,2,1201,0,0,0
2.732e-11,2,1201,0,0,0
7.0857e-12,2,1201,0,0,0
8.0874e-13,2,1201,0,0,0
3.3266e-14,2,1201,0,0,0
1.9448e-16,2,1201,0,0,0
1.082e-21,2,1201,0,0,0
3.6541e-20,2,1201,0,0,0
8.5951e-16,2,1201,0,0,0
1.2253e-13,2,1201,0,0,0
3.3786e-12,2,1201,0,0,0
4.0655e-11,2,1201,0,0,0
2.9515e-10,2,1201,0,0,0
1.5203e-09,2,1201,0,0,0
6.0951e-09,2,1201,0,0,0
2.0145e-08,2,1201,0,0,0
5.6991e-08,2,1201,0,0,0
1.4155e-07,2,1201,0,0,0
3.1393e-07,2,1201,0,0,0
6.2809e-07,2,1201,0,0,0
1.1384e-06,2,1201,0,0,0
1.8629e-06,2,1201,0,0,0
2.7077e-06,2,1201,0,0,0
3.3341e-06,2,1201,0,0,0
2.9492e-06,2,1201,0,0,0
-3.5232e-19,2,1201,0,0,0
-8.2378e-06,2,1201,0,0,0
-2.6177e-05,2,1201,0,0,0
-6.0524e-05,2,1201,0,0,0
-0.00012092,2,1201,0,0,0
-0.00022054,2,1201,0,0,0
-0.00037657,2,1201,0,0,0
-0.00061039,2,1201,0,0,0
-0.00094726,2,1201,0,0,0
-0.0014154,2,1201,0,0,0
-0.0020444,2,1201,0,0,0
-0.0028623,2,1201,0,0,0
-0.0038916,2,1201,0,0,0
-0.0051449,2,1201,0,0,0
-0.0066181,2,1201,0,0,0
-0.008284,2,1201,0,0,0
-0.010084,2,1201,0,0,0
-0.011923,2,1201,0,0,0
-0.013657,2,1201,0,0,0
-0.015093,2,1201,0,0,0
-0.015984,2,1201,0,0,0
-0.016025,2,1201,0,0,0
-0.014861,2,1201,0,0,0
-0.012092,2,1201,0,0,0
-0.0072862,2,1201,0,0,0
-1.3507e-16,2,1201,0,0,0
0.0102,2,1201,0,0,0
0.023707,2,1201,0,0,0
0.040844,2,1201,0,0,0
0.061826,2,1201,0,0,0
0.086728,2,1201,0,0,0
0.11545,2,1201,0,0,0
0.14769,2,1201,0,0,0
0.1829,2,1201,0,0,0
0.22033,2,1201,0,0,0
0.25894,2,1201,0,0,0
0.29748,2,1201,0,0,0
0.33449,2,1201,0,0,0
0.36834,2,1201,0,0,0
0.39727,2,1201,0,0,0
0.41949,2,1201,0,0,0
0.4332,2,1201,0,0,0
0.43676,2,1201,0,0,0
0.42868,2,1201,0,0,0
0.40777,2,1201,0,0,0
0.37323,2,1201,0,0,0
0.32465,2,1201,0,0,0
0.26215,2,1201,0,0,0
0.18634,2,1201,0,0,0
0.098394,2,1201,0,0,0
-1.2847e-14,2,1201,0,0,0
-0.10667,2,1201,0,0,0
-0.219,2,1201,0,0,0
-0.33407,2,1201,0,0,0
-0.44869,2,1201,0,0,0
-0.55957,2,1201,0,0,0
-0.66344,2,1201,0,0,0
-0.75716,2,1201,0,0,0
-0.83789,2,1201,0,0,0
-0.90318,2,1201,0,0,0
-0.95105,2,1201,0,0,0
-0.98015,2,1201,0,0,0
-0.98972,2,1201,0,0,0
-0.97969,2,1201,0,0,0
-0.95064,2,1201,0,0,0
-0.90379,2,1201,0,0,0
-0.84092,2,1201,0,0,0
-0.7643,2,1201,0,0,0
-0.67659,2,1201,0,0,0
-0.58071,2,1201,0,0,0
-0.47972,2,1201,0,0,0
-0.37671,2,1201,0,0,0
-0.27463,2,1201,0,0,0
-0.17626,2,1201,0,0,0
-0.084031,2,1201,0,0,0
3.0966e-15,2,1201,0,0,0
0.074221,2,1201,0,0,0
0.13749,2,1201,0,0,0
0.18916,2,1201,0,0,0
0.22902,2,1201,0,0,0
0.25732,2,1201,0,0,0
0.27467,2,1201,0,0,0
0.282,2,1201,0,0,0
0.2805,2,1201,0,0,0
0.2715,2,1201,0,0,0
0.25643,2,1201,0,0,0
0.23677,2,1201,0,0,0
0.21391,2,1201,0,0,0
0.18917,2,1201,0,0,0
0.16375,2,1201,0,0,0
0.13863,2,1201,0,0,0
0.11466,2,1201,0,0,0
0.092448,2,1201,0,0,0
0.072446,2,1201,0,0,0
0.054915,2,1201,0,0,0
0.039965,2,1201,0,0,0
0.027574,2,1201,0,0,0
0.017611,2,1201,0,0,0
0.0098716,2,1201,0,0,0
0.0040965,2,1201,0,0,0
-6.0196e-16,2,1201,0,0,0
-0.0027113,2,1201,0,0,0
-0.0043214,2,1201,0,0,0
-0.0050921,2,1201,0,0,0
-0.0052551,2,1201,0,0,0
-0.0050065,2,1201,0,0,0
-0.0045058,2,1201,0,0,0
-0.0038766,2,1201,0,0,0
-0.0032098,2,1201,0,0,0
-0.0025677,2,1201,0,0,0
-0.0019887,2,1201,0,0,0
-0.0014928,2,1201,0,0,0
-0.0010863,2,1201,0,0,0
-0.00076596,2,1201,0,0,0
-0.0005227,2,1201,0,0,0
-0.0003446,2,1201,0,0,0
-0.00021892,2,1201,0,0,0
-0.00013355,2,1201,0,0,0
-7.7864e-05,2,1201,0,0,0
-4.3094e-05,2,1201,0,0,0
-2.2421e-05,2,1201,0,0,0
-1.0799e-05,2,1201,0,0,0
-4.6866e-06,2,1201,0,0,0
-1.7308e-06,2,1201,0,0,0
-4.5674e-07,2,1201,0,0,0
2.1373e-20,2,1201,0,0,0
1.0729e-07,2,1201,0,0,0
9.3945e-08,2,1201,0,0,0
5.68e-08,2,1201,0,0,0
2.7677e-08,2,1201,0,0,0
1.1232e-08,2,1201,0,0,0
3.779e-09,2,1201,0,0,0
1.0255e-09,2,1201,0,0,0
2.1285e-10,2,1201,0,0,0
3.0811e-11,2,1201,0,0,0
2.63e-12,2,1201,0,0,0
9.3789e-14,2,1201,0,0,0
5.7068e-16,2,1201,0,0,0
9.0992e-21,2,1201,0,0,0
1.0761e-20,2,1201,0,0,0
5.7815e-16,2,1201,0,0,0
8.9623e-14,2,1201,0,0,0
2.3968e-12,2,1201,0,0,0
2.6777e-11,2,1201,0,0,0
1.7546e-10,2,1201,0,0,0
7.9334e-10,2,1201,0,0,0
2.692e-09,2,1201,0,0,0
7.11e-09,2,1201,0,0,0
1.4425e-08,2,1201,0,0,0
1.9506e-08,2,1201,0,0,0
-3.7443e-22,2,1201,0,0,0
-1.0807e-07,2,1201,0,0,0
-4.5482e-07,2,1201,0,0,0
-1.3498e-06,2,1201,0,0,0
-3.3721e-06,2,1201,0,0,0
-7.5233e-06,2,1201,0,0,0
-1.5422e-05,2,1201,0,0,0
-2.9531e-05,2,1201,0,0,0
-5.3391e-05,2,1201,0,0,0
-9.1824e-05,2,1201,0,0,0
-0.00015104,2,1201,0,0,0
-0.00023857,2,1201,0,0,0
-0.00036293,2,1201,0,0,0
-0.0005329,2,1201,0,0,0
-0.00075636,2,1201,0,0,0
-0.0010384,2,1201,0,0,0
-0.0013792,2,1201,0,0,0
-0.0017706,2,1201,0,0,0
-0.0021925,2,1201,0,0,0
-0.0026092,2,1201,0,0,0
-0.0029647,2,1201,0,0,0
-0.0031786,2,1201,0,0,0
-0.0031428,2,1201,0,0,0
-0.0027188,2,1201,0,0,0
-0.0017374,2,1201,0,0,0
3.243e-16,2,1201,0,0,0
0.0027167,2,1201,0,0,0
0.0066528,2,1201,0,0,0
0.012054,2,1201,0,0,0
0.019156,2,1201,0,0,0
0.028167,2,1201,0,0,0
0.039244,2,1201,0,0,0
0.052471,2,1201,0,0,0
0.067834,2,1201,0,0,0
0.085196,2,1201,0,0,0
0.10428,2,1201,0,0,0
0.12464,2,1201,0,0,0
0.14566,2,1201,0,0,0
0.16657,2,1201,0,0,0
0.18641,2,1201,0,0,0
0.20407,2,1201,0,0,0
0.21833,2,1201,0,0,0
0.22789,2,1201,0,0,0
0.23142,2,1201,0,0,0
0.22763,2,1201,0,0,0
0.21531,2,1201,0,0,0
0.19346,2,1201,0,0,0
0.16128,2,1201,0,0,0
0.11831,2,1201,0,0,0
0.064446,2,1201,0,0,0
-4.3395e-15,2,1201,0,0,0
-0.074266,2,1201,0,0,0
-0.15714,2,1201,0,0,0
-0.24694,2,1201,0,0,0
-0.34161,2,1201,0,0,0
-0.4387,2,1201,0,0,0
-0.5355,2,1201,0,0,0
-0.62909,2,1201,0,0,0
-0.7165,2,1201,0,0,0
-0.79477,2,1201,0,0,0
-0.86114,2,1201,0,0,0
-0.91311,2,1201,0,0,0
-0.9486,2,1201,0,0,0
-0.96601,2,1201,0,0,0
-0.96434,2,1201,0,0,0
-0.94321,2,1201,0,0,0
-0.90289,2,1201,0,0,0
-0.84433,2,1201,0,0,0
-0.76908,2,1201,0,0,0
-0.67928,2,1201,0,0,0
-0.57754,2,1201,0,0,0
-0.46683,2,1201,0,0,0
-0.35039,2,1201,0,0,0
-0.23157,2,1201,0,0,0
-0.11371,2,1201,0,0,0
2.2436e-14,2,1201,0,0,0
0.10663,2,1201,0,0,0
0.20363,2,1201,0,0,0
0.28888,2,1201,0,0,0
0.36081,2,1201,0,0,0
0.41837,2,1201,0,0,0
0.46107,2,1201,0,0,0
0.48898,2,1201,0,0,0
0.50265,2,1201,0,0,0
0.50308,2,1201,0,0,0
0.49163,2,1201,0,0,0
0.46995,2,1201,0,0,0
0.43986,2,1201,0,0,0
0.40331,2,1201,0,0,0
0.36222,2,1201,0,0,0
0.31846,2,1201,0,0,0
0.27376,2,1201,0,0,0
0.22965,2,1201,0,0,0
0.18742,2,1201,0,0,0
0.14813,2,1201,0,0,0
0.11253,2,1201,0,0,0
0.081151,2,1201,0,0,0
0.054249,2,1201,0,0,0
0.031874,2,1201,0,0,0
0.013887,2,1201,0,0,0
-1.3997e-15,2,1201,0,0,0
-0.010185,2,1201,0,0,0
-0.017138,2,1201,0,0,0
-0.021366,2,1201,0,0,0
-0.023385,2,1201,0,0,0
-0.023688,2,1201,0,0,0
-0.02273,2,1201,0,0,0
-0.020914,2,1201,0,0,0
-0.01858,2,1201,0,0,0
-0.016005,2,1201,0,0,0
-0.013401,2,1201,0,0,0
-0.010923,2,1201,0,0,0
-0.0086731,2,1201,0,0,0
-0.006708,2,1201,0,0,0
-0.0050511,2,1201,0,0,0
-0.0036988,2,1201,0,0,0
-0.0026294,2,1201,0,0,0
-0.0018098,2,1201,0,0,0
-0.0012017,2,1201,0,0,0
-0.00076561,2,1201,0,0,0
-0.00046412,2,1201,0,0,0
-0.00026411,2,1201,0,0,0
-0.00013762,2,1201,0,0,0
-6.2183e-05,2,1201,0,0,0
-2.0524e-05,2,1201,0,0,0
4.1129e-19,2,1201,0,0,0
8.2012e-06,2,1201,0,0,0
9.8831e-06,2,1201,0,0,0
8.619e-06,2,1201,0,0,0
6.4244e-06,2,1201,0,0,0
4.2988e-06,2,1201,0,0,0
2.631e-06,2,1201,0,0,0
1.4825e-06,2,1201,0,0,0
7.6917e-07,2,1201,0,0,0
3.6579e-07,2,1201,0,0,0
1.5809e-07,2,1201,0,0,0
6.1287e-08,2,1201,0,0,0
2.0917e-08,2,1201,0,0,0
6.1188e-09,2,1201,0,0,0
1.4757e-09,2,1201,0,0,0
2.7668e-10,2,1201,0,0,0
3.6707e-11,2,1201,0,0,0
2.9236e-12,2,1201,0,0,0
1.0069e-13,2,1201,0,0,0
6.5751e-16,2,1201,0,0,0
2.3791e-20,2,1201,0,0,0
9.4742e-22,2,1201,0,0,0
1.2994e-16,2,1201,0,0,0
1.7836e-14,2,1201,0,0,0
2.8283e-13,2,1201,0,0,0
1.9945e-25,2,1201,0,0,0
-2.7785e-11,2,1201,0,0,0
-2.9696e-10,2,1201,0,0,0
-1.8504e-09,2,1201,0,0,0
-8.4768e-09,2,1201,0,0,0
-3.1374e-08,2,1201,0,0,0
-9.8841e-08,2,1201,0,0,0
-2.7401e-07,2,1201,0,0,0
-6.8387e-07,2,1201,0,0,0
-1.562e-06,2,1201,0,0,0
-3.3055e-06,2,1201,0,0,0
-6.5414e-06,2,1201,0,0,0
-1.2193e-05,2,1201,0,0,0
-2.1522e-05,2,1201,0,0,0
-3.613e-05,2,1201,0,0,0
-5.785e-05,2,1201,0,0,0
-8.8514e-05,2,1201,0,0,0
-0.0001295,2,1201,0,0,0
-0.00018105,2,1201,0,0,0
-0.00024123,2,1201,0,0,0
-0.0003046,2,1201,0,0,0
-0.00036052,2,1201,0,0,0
-0.00039116,2,1201,0,0,0
-0.00036934,2,1201,0,0,0
-0.00025636,2,1201,0,0,0
1.0894e-16,2,1201,0,0,0
0.00046695,2,1201,0,0,0
0.0012272,2,1201,0,0,0
0.0023785,2,1201,0,0,0
0.0040309,2,1201,0,0,0
0.006303,2,1201,0,0,0
0.0093149,2,1201,0,0,0
0.013179,2,1201,0,0,0
0.017991,2,1201,0,0,0
0.023811,2,1201,0,0,0
0.030654,2,1201,0,0,0
0.038471,2,1201,0,0,0
0.047134,2,1201,0,0,0
0.056419,2,1201,0,0,0
0.065999,2,1201,0,0,0
0.075428,2,1201,0,0,0
0.084146,2,1201,0,0,0
0.09148,2,1201,0,0,0
0.096658,2,1201,0,0,0
0.098825,2,1201,0,0,0
0.09708,2,1201,0,0,0
0.09051,2,1201,0,0,0
0.078234,2,1201,0,0,0
0.05946,2,1201,0,0,0
0.033534,2,1201,0,0,0
-8.4666e-15,2,1201,0,0,0
-0.041347,2,1201,0,0,0
-0.090415,2,1201,0,0,0
-0.14678,2,1201,0,0,0
-0.20964,2,1201,0,0,0
-0.27785,2,1201,0,0,0
-0.34988,2,1201,0,0,0
-0.42386,2,1201,0,0,0
-0.49766,2,1201,0,0,0
-0.56889,2,1201,0,0,0
-0.63505,2,1201,0,0,0
-0.69358,2,1201,0,0,0
-0.74198,2,1201,0,0,0
-0.77793,2,1201,0,0,0
-0.79939,2,1201,0,0,0
-0.80471,2,1201,0,0,0
-0.79271,2,1201,0,0,0
-0.76277,2,1201,0,0,0
-0.71486,2,1201,0,0,0
-0.64959,2,1201,0,0,0
-0.56819,2,1201,0,0,0
-0.47249,2,1201,0,0,0
-0.36485,2,1201,0,0,0
-0.24807,2,1201,0,0,0
-0.12533,2,1201,0,0,0
1.7617e-14,2,1201,0,0,0
0.12445,2,1201,0,0,0
0.24458,2,1201,0,0,0
0.35717,2,1201,0,0,0
0.45927,2,1201,0,0,0
0.54836,2,1201,0,0,0
0.62244,2,1201,0,0,0
0.68006,2,1201,0,0,0
0.7204,2,1201,0,0,0
0.74324,2,1201,0,0,0
0.74897,2,1201,0,0,0
0.73854,2,1201,0,0,0
0.71336,2,1201,0,0,0
0.67528,2,1201,0,0,0
0.62643,2,1201,0,0,0
0.56917,2,1201,0,0,0
0.5059,2,1201,0,0,0
0.43907,2,1201,0,0,0
0.37097,2,1201,0,0,0
0.30373,2,1201,0,0,0
0.23922,2,1201,0,0,0
0.17898,2,1201,0,0,0
0.12424,2,1201,0,0,0
0.075866,2,1201,0,0,0
0.034386,2,1201,0,0,0
-1.6849e-15,2,1201,0,0,0
-0.02738,2,1201,0,0,0
-0.048088,2,1201,0,0,0
-0.062659,2,1201,0,0,0
-0.071769,2,1201,0,0,0
-0.076194,2,1201,0,0,0
-0.07675,2,1201,0,0,0
-0.074256,2,1201,0,0,0
-0.069498,2,1201,0,0,0
-0.063193,2,1201,0,0,0
-0.055975,2,1201,0,0,0
-0.048378,2,1201,0,0,0
-0.040832,2,1201,0,0,0
-0.033663,2,1201,0,0,0
-0.027101,2,1201,0,0,0
-0.021288,2,1201,0,0,0
-0.016291,2,1201,0,0,0
-0.012119,2,1201,0,0,0
-0.0087346,2,1201,0,0,0
-0.0060691,2,1201,0,0,0
-0.0040339,2,1201,0,0,0
-0.0025317,2,1201,0,0,0
-0.0014645,2,1201,0,0,0
-0.00073999,2,1201,0,0,0
-0.00027538,2,1201,0,0,0
-6.2682e-18,2,1201,0,0,0
0.00014402,2,1201,0,0,0
0.00020201,2,1201,0,0,0
0.0002079,2,1201,0,0,0
0.00018581,2,1201,0,0,0
0.00015187,2,1201,0,0,0
0.00011604,2,1201,0,0,0
8.376e-05,2,1201,0,0,0
5.7417e-05,2,1201,0,0,0
3.7455e-05,2,1201,0,0,0
2.3253e-05,2,1201,0,0,0
1.3718e-05,2,1201,0,0,0
7.6682e-06,2,1201,0,0,0
4.0443e-06,2,1201,0,0,0
2.0009e-06,2,1201,0,0,0
9.2162e-07,2,1201,0,0,0
3.9126e-07,2,1201,0,0,0
1.5111e-07,2,1201,0,0,0
5.2172e-08,2,1201,0,0,0
1.5722e-08,2,1201,0,0,0
3.9977e-09,2,1201,0,0,0
8.1576e-10,2,1201,0,0,0
1.2334e-10,2,1201,0,0,0
1.1983e-11,2,1201,0,0,0
5.4074e-13,2,1201,0,0,0
-7.4668e-27,2,1201,0,0,0
-1.971e-16,2,1201,0,0,0
-3.682e-20,2,1201,0,0,0
-9.0898e-23,2,1201,0,0,0
-9.5692e-17,2,1201,0,0,0
-3.0197e-14,2,1201,0,0,0
-1.2214e-12,2,1201,0,0,0
-1.87e-11,2,1201,0,0,0
-1.6154e-10,2,1201,0,0,0
-9.5442e-10,2,1201,0,0,0
-4.2952e-09,2,1201,0,0,0
-1.5732e-08,2,1201,0,0,0
-4.8986e-08,2,1201,0,0,0
-1.3361e-07,2,1201,0,0,0
-3.2612e-07,2,1201,0,0,0
-7.233e-07,2,1201,0,0,0
-1.4739e-06,2,1201,0,0,0
-2.7808e-06,2,1201,0,0,0
-4.8803e-06,2,1201,0,0,0
-7.9801e-06,2,1201,0,0,0
-1.2131e-05,2,1201,0,0,0
-1.7002e-05,2,1201,0,0,0
-2.1536e-05,2,1201,0,0,0
-2.3447e-05,2,1201,0,0,0
-1.8564e-05,2,1201,0,0,0
7.1299e-18,2,1201,0,0,0
4.2796e-05,2,1201,0,0,0
0.00012506,2,1201,0,0,0
0.00026771,2,1201,0,0,0
0.00049809,2,1201,0,0,0
0.00085045,2,1201,0,0,0
0.0013657,2,1201,0,0,0
0.0020903,2,1201,0,0,0
0.0030744,2,1201,0,0,0
0.0043682,2,1201,0,0,0
0.0060168,2,1201,0,0,0
0.0080546,2,1201,0,0,0
0.010497,2,1201,0,0,0
0.01333,2,1201,0,0,0
0.016504,2,1201,0,0,0
0.01992,2,1201,0,0,0
0.023421,2,1201,0,0,0
0.026786,2,1201,0,0,0
0.029721,2,1201,0,0,0
0.031859,2,1201,0,0,0
0.032764,2,1201,0,0,0
0.031934,2,1201,0,0,0
0.02882,2,1201,0,0,0
0.022841,2,1201,0,0,0
0.013418,2,1201,0,0,0
-2.5529e-15,2,1201,0,0,0
-0.017896,2,1201,0,0,0
-0.040645,2,1201,0,0,0
-0.06847,2,1201,0,0,0
-0.1014,2,1201,0,0,0
-0.13925,2,1201,0,0,0
-0.18156,2,1201,0,0,0
-0.22759,2,1201,0,0,0
-0.27633,2,1201,0,0,0
-0.32649,2,1201,0,0,0
-0.37649,2,1201,0,0,0
-0.42456,2,1201,0,0,0
-0.46875,2,1201,0,0,0
-0.50702,2,1201,0,0,0
-0.53729,2,1201,0,0,0
-0.55758,2,1201,0,0,0
-0.56607,2,1201,0,0,0
-0.56118,2,1201,0,0,0
-0.54172,2,1201,0,0,0
-0.50692,2,1201,0,0,0
-0.45651,2,1201,0,0,0
-0.39077,2,1201,0,0,0
-0.31056,2,1201,0,0,0
-0.2173,2,1201,0,0,0
-0.11297,2,1201,0,0,0
9.0785e-15,2,1201,0,0,0
0.11874,2,1201,0,0,0
0.24008,2,1201,0,0,0
0.36068,2,1201,0,0,0
0.47713,2,1201,0,0,0
0.58611,2,1201,0,0,0
0.6845,2,1201,0,0,0
0.76951,2,1201,0,0,0
0.83884,2,1201,0,0,0
0.89069,2,1201,0,0,0
0.92388,2,1201,0,0,0
0.93788,2,1201,0,0,0
0.93283,2,1201,0,0,0
0.90947,2,1201,0,0,0
0.86917,2,1201,0,0,0
0.81378,2,1201,0,0,0
0.74561,2,1201,0,0,0
0.66726,2,1201,0,0,0
0.58154,2,1201,0,0,0
0.49134,2,1201,0,0,0
0.39951,2,1201,0,0,0
0.30873,2,1201,0,0,0
0.22146,2,1201,0,0,0
0.13982,2,1201,0,0,0
0.065564,2,1201,0,0,0
4.7288e-16,2,1201,0,0,0
-0.055983,2,1201,0,0,0
-0.10193,2,1201,0,0,0
-0.13778,2,1201,0,0,0
-0.16387,2,1201,0,0,0
-0.18079,2,1201,0,0,0
-0.18944,2,1201,0,0,0
-0.19085,2,1201,0,0,0
-0.1862,2,1201,0,0,0
-0.17671,2,1201,0,0,0
-0.16357,2,1201,0,0,0
-0.14793,2,1201,0,0,0
-0.13084,2,1201,0,0,0
-0.11322,2,1201,0,0,0
-0.095835,2,1201,0,0,0
-0.079291,2,1201,0,0,0
-0.064041,2,1201,0,0,0
-0.050388,2,1201,0,0,0
-0.0385,2,1201,0,0,0
-0.028431,2,1201,0,0,0
-0.020139,2,1201,0,0,0
-0.01351,2,1201,0,0,0
-0.0083807,2,1201,0,0,0
-0.0045572,2,1201,0,0,0
-0.0018323,2,1201,0,0,0
-1.3585e-16,3,2401,0,0,0
0.0011336,3,2401,0,0,0
0.0017426,3,2401,0,0,0
0.0019769,3,2401,0,0,0
0.0019604,3,2401,0,0,0
0.0017907,3,2401,0,0,0
0.0015416,3,2401,0,0,0
0.0012654,3,2401,0,0,0
0.00099669,3,2401,0,0,0
0.00075601,3,2401,0,0,0
0.00055323,3,2401,0,0,0
0.00039081,3,2401,0,0,0
0.00026642,3,2401,0,0,0
0.00017509,3,2401,0,0,0
0.00011072,3,2401,0,0,0
6.7201e-05,3,2401,0,0,0
3.9007e-05,3,2401,0,0,0
2.1553e-05,3,2401,0,0,0
1.1266e-05,3,2401,0,0,0
5.5241e-06,3,2401,0,0,0
2.5106e-06,3,2401,0,0,0
1.0386e-06,3,2401,0,0,0
3.7931e-07,3,2401,0,0,0
1.1497e-07,3,2401,0,0,0
2.4138e-08,3,2401,0,0,0
-2.5191e-21,3,2401,0,0,0
-3.1517e-09,3,2401,0,0,0
-1.8743e-09,3,2401,0,0,0
-7.0159e-10,3,2401,0,0,0
-1.8553e-10,3,2401,0,0,0
-3.3542e-11,3,2401,0,0,0
-3.6624e-12,3,2401,0,0,0
-1.8339e-13,3,2401,0,0,0
-2.1242e-15,3,2401,0,0,0
-4.2217e-19,3,2401,0,0,0
-1.7072e-23,3,2401,0,0,0
-1.0601e-16,3,2401,0,0,0
-3.6305e-14,3,2401,0,0,0
-1.3999e-12,3,2401,0,0,0
-1.9823e-11,3,2401,0,0,0
-1.5669e-10,3,2401,0,0,0
-8.4175e-10,3,2401,0,0,0
-3.4221e-09,3,2401,0,0,0
-1.1222e-08,3,2401,0,0,0
-3.0874e-08,3,2401,0,0,0
-7.292e-08,3,2401,0,0,0
-1.4924e-07,3,2401,0,0,0
-2.6277e-07,3,2401,0,0,0
-3.8211e-07,3,2401,0,0,0
-3.9103e-07,3,2401,0,0,0
1.4168e-19,3,2401,0,0,0
1.3939e-06,3,2401,0,0,0
4.9107e-06,3,2401,0,0,0
1.2463e-05,3,2401,0,0,0
2.71e-05,3,2401,0,0,0
5.3403e-05,3,2401,0,0,0
9.7896e-05,3,2401,0,0,0
0.00016941,3,2401,0,0,0
0.00027932,3,2401,0,0,0
0.00044152,3,2401,0,0,0
0.00067204,3,2401,0,0,0
0.00098813,3,2401,0,0,0
0.0014067,3,2401,0,0,0
0.0019418,3,2401,0,0,0
0.0026017,3,2401,0,0,0
0.0033844,3,2401,0,0,0
0.004273,3,2401,0,0,0
0.00523,3,2401,0,0,0
0.0061914,3,2401,0,0,0
0.007061,3,2401,0,0,0
0.0077054,3,2401,0,0,0
0.0079503,3,2401,0,0,0
0.0075786,3,2401,0,0,0
0.0063315,3,2401,0,0,0
0.0039134,3,2401,0,0,0
-4.8415e-16,3,2401,0,0,0
-0.0057481,3,2401,0,0,0
-0.013668,3,2401,0,0,0
-0.024074,3,2401,0,0,0
-0.037228,3,2401,0,0,0
-0.053317,3,2401,0,0,0
-0.072416,3,2401,0,0,0
-0.094467,3,2401,0,0,0
-0.11924,3,2401,0,0,0
-0.14633,3,2401,0,0,0
-0.17512,3,2401,0,0,0
-0.20477,3,2401,0,0,0
-0.23427,3,2401,0,0,0
-0.26238,3,2401,0,0,0
-0.28772,3,2401,0,0,0
-0.30879,3,2401,0,0,0
-0.32402,3,2401,0,0,0
-0.33184,3,2401,0,0,0
-0.33077,3,2401,0,0,0
-0.31945,3,2401,0,0,0
-0.2968,3,2401,0,0,0
-0.26201,3,2401,0,0,0
-0.21467,3,2401,0,0,0
-0.1548,3,2401,0,0,0
-0.082915,3,2401,0,0,0
1.3751e-15,3,2401,0,0,0
0.092443,3,2401,0,0,0
0.19245,3,2401,0,0,0
0.29762,3,2401,0,0,0
0.40522,3,2401,0,0,0
0.51225,3,2401,0,0,0
0.61557,3,2401,0,0,0
0.71203,3,2401,0,0,0
0.79856,3,2401,0,0,0
0.87233,3,2401,0,0,0
0.93087,3,2401,0,0,0
0.97218,3,2401,0,0,0
0.99479,3,2401,0,0,0
0.99788,3,2401,0,0,0
0.98125,3,2401,0,0,0
0.94541,3,2401,0,0,0
0.89147,3,2401,0,0,0
0.82119,3,2401,0,0,0
0.7368,3,2401,0,0,0
0.64101,3,2401,0,0,0
0.53679,3,2401,0,0,0
0.42734,3,2401,0,0,0
0.31588,3,2401,0,0,0
0.20558,3,2401,0,0,0
0.099395,3,2401,0,0,0
6.6795e-15,3,2401,0,0,0
-0.090335,3,2401,0,0,0
-0.16979,3,2401,0,0,0
-0.23706,3,2401,0,0,0
-0.29133,3,2401,0,0,0
-0.33232,3,2401,0,0,0
-0.36022,3,2401,0,0,0
-0.37567,3,2401,0,0,0
-0.37965,3,2401,0,0,0
-0.37347,3,2401,0,0,0
-0.35862,3,2401,0,0,0
-0.33674,3,2401,0,0,0
-0.3095,3,2401,0,0,0
-0.27858,3,2401,0,0,0
-0.24551,3,2401,0,0,0
-0.21173,3,2401,0,0,0
-0.17846,3,2401,0,0,0
-0.14672,3,2401,0,0,0
-0.1173,3,2401,0,0,0
-0.090761,3,2401,0,0,0
-0.067469,3,2401,0,0,0
-0.04758,3,2401,0,0,0
-0.031085,3,2401,0,0,0
-0.017837,3,2401,0,0,0
-0.0075839,3,2401,0,0,0
1.8881e-15,3,2401,0,0,0
0.0052841,3,2401,0,0,0
0.0086547,3,2401,0,0,0
0.010492,3,2401,0,0,0
0.011155,3,2401,0,0,0
0.010962,3,2401,0,0,0
0.010193,3,2401,0,0,0
0.009075,3,2401,0,0,0
0.0077898,3,2401,0,0,0
0.0064728,3,2401,0,0,0
0.0052189,3,2401,0,0,0
0.0040882,3,2401,0,0,0
0.0031129,3,2401,0,0,0
0.0023034,3,2401,0,0,0
0.0016551,3,2401,0,0,0
0.0011532,3,2401,0,0,0
0.00077756,3,2401,0,0,0
0.00050583,3,2401,0,0,0
0.00031618,3,2401,0,0,0
0.00018878,3,2401,0,0,0
0.00010671,3,2401,0,0,0
5.63e-05,3,2401,0,0,0
2.7023e-05,3,2401,0,0,0
1.1163e-05,3,2401,0,0,0
3.3396e-06,3,2401,0,0,0
-4.0506e-19,3,2401,0,0,0
-1.062e-06,3,2401,0,0,0
-1.1193e-06,3,2401,0,0,0
-8.3961e-07,3,2401,0,0,0
-5.276e-07,3,2401,0,0,0
-2.9039e-07,3,2401,0,0,0
-1.4179e-07,3,2401,0,0,0
-6.1319e-08,3,2401,0,0,0
-2.3227e-08,3,2401,0,0,0
-7.5487e-09,3,2401,0,0,0
-2.0372e-09,3,2401,0,0,0
-4.3396e-10,3,2401,0,0,0
-6.7257e-11,3,2401,0,0,0
-6.5912e-12,3,2401,0,0,0
-3.1145e-13,3,2401,0,0,0
-3.7478e-15,3,2401,0,0,0
-1.1819e-18,3,2401,0,0,0
-4.2988e-25,3,2401,0,0,0
-4.3425e-17,3,2401,0,0,0
-1.7416e-14,3,2401,0,0,0
-6.4435e-13,3,2401,0,0,0
-8.0557e-12,3,2401,0,0,0
-5.2105e-11,3,2401,0,0,0
-2.0371e-10,3,2401,0,0,0
-4.5532e-10,3,2401,0,0,0
2.0755e-22,3,2401,0,0,0
5.1904e-09,3,2401,0,0,0
2.8572e-08,3,2401,0,0,0
1.0636e-07,3,2401,0,0,0
3.2261e-07,3,2401,0,0,0
8.5155e-07,3,2401,0,0,0
2.0225e-06,3,2401,0,0,0
4.4112e-06,3,2401,0,0,0
8.9558e-06,3,2401,0,0,0
1.7091e-05,3,2401,0,0,0
3.0882e-05,3,2401,0,0,0
5.3124e-05,3,2401,0,0,0
8.7364e-05,3,2401,0,0,0
0.00013779,3,2401,0,0,0
0.00020887,3,2401,0,0,0
0.00030479,3,2401,0,0,0
0.00042836,3,2401,0,0,0
0.00057966,3,2401,0,0,0
0.00075405,3,2401,0,0,0
0.00093979,3,2401,0,0,0
0.0011152,3,2401,0,0,0
0.0012456,3,2401,0,0,0
0.0012801,3,2401,0,0,0
0.0011488,3,2401,0,0,0
0.00076007,3,2401,0,0,0
-3.8618e-17,3,2401,0,0,0
-0.0012678,3,2401,0,0,0
-0.0031996,3,2401,0,0,0
-0.0059668,3,2401,0,0,0
-0.0097479,3,2401,0,0,0
-0.014718,3,2401,0,0,0
-0.021036,3,2401,0,0,0
-0.028825,3,2401,0,0,0
-0.038157,3,2401,0,0,0
-0.049032,3,2401,0,0,0
-0.061356,3,2401,0,0,0
-0.074924,3,2401,0,0,0
-0.089402,3,2401,0,0,0
-0.10432,3,2401,0,0,0
-0.11905,3,2401,0,0,0
-0.13284,3,2401,0,0,0
-0.14479,3,2401,0,0,0
-0.1539,3,2401,0,0,0
-0.15908,3,2401,0,0,0
-0.15921,3,2401,0,0,0
-0.15317,3,2401,0,0,0
-0.13993,3,2401,0,0,0
-0.11857,3,2401,0,0,0
-0.08838,3,2401,0,0,0
-0.048904,3,2401,0,0,0
-2.5051e-15,3,2401,0,0,0
0.058111,3,2401,0,0,0
0.12481,3,2401,0,0,0
0.19906,3,2401,0,0,0
0.27942,3,2401,0,0,0
0.36405,3,2401,0,0,0
0.45075,3,2401,0,0,0
0.53705,3,2401,0,0,0
0.62027,3,2401,0,0,0
0.69763,3,2401,0,0,0
0.76634,3,2401,0,0,0
0.82375,3,2401,0,0,0
0.86745,3,2401,0,0,0
0.89537,3,2401,0,0,0
0.9059,3,2401,0,0,0
0.89797,3,2401,0,0,0
0.87112,3,2401,0,0,0
0.82553,3,2401,0,0,0
0.76202,3,2401,0,0,0
0.68204,3,2401,0,0,0
0.58764,3,2401,0,0,0
0.48135,3,2401,0,0,0
0.36613,3,2401,0,0,0
0.24523,3,2401,0,0,0
0.12204,3,2401,0,0,0
-3.8486e-14,3,2401,0,0,0
-0.11758,3,2401,0,0,0
-0.2276,3,2401,0,0,0
-0.32735,3,2401,0,0,0
-0.41454,3,2401,0,0,0
-0.48741,3,2401,0,0,0
-0.54476,3,2401,0,0,0
-0.58599,3,2401,0,0,0
-0.61107,3,2401,0,0,0
-0.62054,3,2401,0,0,0
-0.6154,3,2401,0,0,0
-0.59709,3,2401,0,0,0
-0.56738,3,2401,0,0,0
-0.52828,3,2401,0,0,0
-0.48192,3,2401,0,0,0
-0.43048,3,2401,0,0,0
-0.37609,3,2401,0,0,0
-0.32073,3,2401,0,0,0
-0.2662,3,2401,0,0,0
-0.21403,3,2401,0,0,0
-0.16548,3,2401,0,0,0
-0.1215,3,2401,0,0,0
-0.08273,3,2401,0,0,0
-0.049535,3,2401,0,0,0
-0.022004,3,2401,0,0,0
4.5249e-15,3,2401,0,0,0
0.016805,3,2401,0,0,0
0.028882,3,2401,0,0,0
0.036804,3,2401,0,0,0
0.041201,3,2401,0,0,0
0.04272,3,2401,0,0,0
0.041997,3,2401,0,0,0
0.039624,3,2401,0,0,0
0.036133,3,2401,0,0,0
0.031983,3,2401,0,0,0
0.02755,3,2401,0,0,0
0.023131,3,2401,0,0,0
0.018943,3,2401,0,0,0
0.015134,3,2401,0,0,0
0.011791,3,2401,0,0,0
0.0089501,3,2401,0,0,0
0.0066079,3,2401,0,0,0
0.004734,3,2401,0,0,0
0.0032796,3,2401,0,0,0
0.0021857,3,2401,0,0,0
0.0013902,3,2401,0,0,0
0.00083275,3,2401,0,0,0
0.00045848,3,2401,0,0,0
0.00021978,3,2401,0,0,0
7.7324e-05,3,2401,0,0,0
-7.8823e-18,3,2401,0,0,0
-3.5701e-05,3,2401,0,0,0
-4.6714e-05,3,2401,0,0,0
-4.4595e-05,3,2401,0,0,0
-3.6733e-05,3,2401,0,0,0
-2.7467e-05,3,2401,0,0,0
-1.9036e-05,3,2401,0,0,0
-1.2341e-05,3,2401,0,0,0
-7.51e-06,3,2401,0,0,0
-4.2898e-06,3,2401,0,0,0
-2.2941e-06,3,2401,0,0,0
-1.143e-06,3,2401,0,0,0
-5.2666e-07,3,2401,0,0,0
-2.2219e-07,3,2401,0,0,0
-8.4663e-08,3,2401,0,0,0
-2.8599e-08,3,2401,0,0,0
-8.3473e-09,3,2401,0,0,0
-2.03e-09,3,2401,0,0,0
-3.8977e-10,3,2401,0,0,0
-5.4328e-11,3,2401,0,0,0
-4.771e-12,3,2401,0,0,0
-2.0186e-13,3,2401,0,0,0
-2.2288e-15,3,2401,0,0,0
-8.2608e-19,3,2401,0,0,0
-2.3929e-28,3,2401,0,0,0
2.2069e-31,3,2401,0,0,0
2.2006e-15,3,2401,0,0,0
2.1173e-13,3,2401,0,0,0
5.0822e-12,3,2401,0,0,0
5.8445e-11,3,2401,0,0,0
4.2324e-10,3,2401,0,0,0
2.2263e-09,3,2401,0,0,0
9.2541e-09,3,2401,0,0,0
3.2082e-08,3,2401,0,0,0
9.6212e-08,3,2401,0,0,0
2.5614e-07,3,2401,0,0,0
6.1685e-07,3,2401,0,0,0
1.3628e-06,3,2401,0,0,0
2.7915e-06,3,2401,0,0,0
5.3442e-06,3,2401,0,0,0
9.619e-06,3,2401,0,0,0
1.6346e-05,3,2401,0,0,0
2.6291e-05,3,2401,0,0,0
4.0055e-05,3,2401,0,0,0
5.7725e-05,3,2401,0,0,0
7.8327e-05,3,2401,0,0,0
9.9057e-05,3,2401,0,0,0
0.00011427,3,2401,0,0,0
0.00011421,3,2401,0,0,0
8.359e-05,3,2401,0,0,0
2.7944e-18,3,2401,0,0,0
-0.00016758,3,2401,0,0,0
-0.00046008,3,2401,0,0,0
-0.00092911,3,2401,0,0,0
-0.001637,3,2401,0,0,0
-0.0026556,3,2401,0,0,0
-0.004064,3,2401,0,0,0
-0.0059443,3,2401,0,0,0
-0.0083752,3,2401,0,0,0
-0.011425,3,2401,0,0,0
-0.01514,3,2401,0,0,0
-0.019534,3,2401,0,0,0
-0.024578,3,2401,0,0,0
-0.030182,3,2401,0,0,0
-0.036186,3,2401,0,0,0
-0.04235,3,2401,0,0,0
-0.048341,3,2401,0,0,0
-0.053733,3,2401,0,0,0
-0.058007,3,2401,0,0,0
-0.060555,3,2401,0,0,0
-0.060701,3,2401,0,0,0
-0.057716,3,2401,0,0,0
-0.050852,3,2401,0,0,0
-0.039376,3,2401,0,0,0
-0.022614,3,2401,0,0,0
8.8179e-15,3,2401,0,0,0
0.028879,3,2401,0,0,0
0.064233,3,2401,0,0,0
0.10602,3,2401,0,0,0
0.15392,3,2401,0,0,0
0.2073,3,2401,0,0,0
0.26517,3,2401,0,0,0
0.32625,3,2401,0,0,0
0.38893,3,2401,0,0,0
0.45133,3,2401,0,0,0
0.51132,3,2401,0,0,0
0.56666,3,2401,0,0,0
0.61501,3,2401,0,0,0
0.65407,3,2401,0,0,0
0.68167,3,2401,0,0,0
0.69586,3,2401,0,0,0
0.69505,3,2401,0,0,0
0.67806,3,2401,0,0,0
0.6442,3,2401,0,0,0
0.59338,3,2401,0,0,0
0.52607,3,2401,0,0,0
0.44338,3,2401,0,0,0
0.34698,3,2401,0,0,0
0.23909,3,2401,0,0,0
0.12241,3,2401,0,0,0
-3.1966e-14,3,2401,0,0,0
-0.12482,3,2401,0,0,0
-0.2486,3,2401,0,0,0
-0.36789,3,2401,0,0,0
-0.47939,3,2401,0,0,0
-0.58009,3,2401,0,0,0
-0.66734,3,2401,0,0,0
-0.73899,3,2401,0,0,0
-0.79349,3,2401,0,0,0
-0.82986,3,2401,0,0,0
-0.84778,3,2401,0,0,0
-0.84758,3,2401,0,0,0
-0.83015,3,2401,0,0,0
-0.79695,3,2401,0,0,0
-0.74986,3,2401,0,0,0
-0.69115,3,2401,0,0,0
-0.6233,3,2401,0,0,0
-0.54896,3,2401,0,0,0
-0.47078,3,2401,0,0,0
-0.39131,3,2401,0,0,0
-0.31295,3,2401,0,0,0
-0.23783,3,2401,0,0,0
-0.16773,3,2401,0,0,0
-0.10409,3,2401,0,0,0
-0.04796,3,2401,0,0,0
7.5085e-15,3,2401,0,0,0
0.039506,3,2401,0,0,0
0.070614,3,2401,0,0,0
0.093675,3,2401,0,0,0
0.10929,3,2401,0,0,0
0.11823,3,2401,0,0,0
0.12142,3,2401,0,0,0
0.11984,3,2401,0,0,0
0.11448,3,2401,0,0,0
0.10632,3,2401,0,0,0
0.096248,3,2401,0,0,0
0.085079,3,2401,0,0,0
0.0735,3,2401,0,0,0
0.062077,3,2401,0,0,0
0.051243,3,2401,0,0,0
0.041312,3,2401,0,0,0
0.032483,3,2401,0,0,0
0.024856,3,2401,0,0,0
0.018451,3,2401,0,0,0
0.013222,3,2401,0,0,0
0.0090772,3,2401,0,0,0
0.0058937,3,2401,0,0,0
0.0035334,3,2401,0,0,0
0.0018539,3,2401,0,0,0
0.00071797,3,2401,0,0,0
-4.6947e-17,3,2401,0,0,0
-0.00040964,3,2401,0,0,0
-0.0006027,3,2401,0,0,0
-0.00065275,3,2401,0,0,0
-0.0006162,3,2401,0,0,0
-0.00053416,3,2401,0,0,0
-0.00043486,3,2401,0,0,0
-0.00033624,3,2401,0,0,0
-0.00024839,3,2401,0,0,0
-0.00017583,3,2401,0,0,0
-0.00011941,3,2401,0,0,0
-7.7785e-05,3,2401,0,0,0
-4.8542e-05,3,2401,0,0,0
-2.8958e-05,3,2401,0,0,0
-1.6461e-05,3,2401,0,0,0
-8.8777e-06,3,2401,0,0,0
-4.5176e-06,3,2401,0,0,0
-2.1532e-06,3,2401,0,0,0
-9.5217e-07,3,2401,0,0,0
-3.8567e-07,3,2401,0,0,0
-1.4058e-07,3,2401,0,0,0
-4.494e-08,3,2401,0,0,0
-1.209e-08,3,2401,0,0,0
-2.5343e-09,3,2401,0,0,0
-3.3776e-10,3,2401,0,0,0
2.8629e-27,3,2401,0,0,0
1.1683e-11,3,2401,0,0,0
2.4706e-12,3,2401,0,0,0
2.0229e-13,3,2401,0,0,0
4.4027e-15,3,2401,0,0,0
4.5844e-18,3,2401,0,0,0
1.3376e-33,3,2401,0,0,0
1.0271e-17,3,2401,0,0,0
1.0086e-14,3,2401,0,0,0
5.9435e-13,3,2401,0,0,0
1.08e-11,3,2401,0,0,0
1.0189e-10,3,2401,0,0,0
6.3065e-10,3,2401,0,0,0
2.9021e-09,3,2401,0,0,0
1.0698e-08,3,2401,0,0,0
3.313e-08,3,2401,0,0,0
8.899e-08,3,2401,0,0,0
2.1186e-07,3,2401,0,0,0
4.5354e-07,3,2401,0,0,0
8.8071e-07,3,2401,0,0,0
1.5559e-06,3,2401,0,0,0
2.4901e-06,3,2401,0,0,0
3.5493e-06,3,2401,0,0,0
4.2956e-06,3,2401,0,0,0
3.7416e-06,3,2401,0,0,0
-2.3016e-18,3,2401,0,0,0
-1.018e-05,3,2401,0,0,0
-3.1983e-05,3,2401,0,0,0
-7.3184e-05,3,2401,0,0,0
-0.00014482,3,2401,0,0,0
-0.00026184,3,2401,0,0,0
-0.00044348,3,2401,0,0,0
-0.00071344,3,2401,0,0,0
-0.0010994,3,2401,0,0,0
-0.0016321,3,2401,0,0,0
-0.0023429,3,2401,0,0,0
-0.0032612,3,2401,0,0,0
-0.0044099,3,2401,0,0,0
-0.0058,3,2401,0,0,0
-0.0074245,3,2401,0,0,0
-0.0092504,3,2401,0,0,0
-0.011211,3,2401,0,0,0
-0.013199,3,2401,0,0,0
-0.015058,3,2401,0,0,0
-0.016579,3,2401,0,0,0
-0.017492,3,2401,0,0,0
-0.017476,3,2401,0,0,0
-0.016151,3,2401,0,0,0
-0.013099,3,2401,0,0,0
-0.0078679,3,2401,0,0,0
2.6219e-15,3,2401,0,0,0
0.010948,3,2401,0,0,0
0.025374,3,2401,0,0,0
0.043594,3,2401,0,0,0
0.065812,3,2401,0,0,0
0.092079,3,2401,0,0,0
0.12226,3,2401,0,0,0
0.15601,3,2401,0,0,0
0.19275,3,2401,0,0,0
0.23163,3,2401,0,0,0
0.2716,3,2401,0,0,0
0.31132,3,2401,0,0,0
0.34928,3,2401,0,0,0
0.38379,3,2401,0,0,0
0.41306,3,2401,0,0,0
0.43524,3,2401,0,0,0
0.44855,3,2401,0,0,0
0.45131,3,2401,0,0,0
0.44208,3,2401,0,0,0
0.41969,3,2401,0,0,0
0.38339,3,2401,0,0,0
0.33285,3,2401,0,0,0
0.26826,3,2401,0,0,0
0.19032,3,2401,0,0,0
0.10031,3,2401,0,0,0
-2.0427e-14,3,2401,0,0,0
-0.10835,3,2401,0,0,0
-0.22205,3,2401,0,0,0
-0.3381,3,2401,0,0,0
-0.45329,3,2401,0,0,0
-0.56429,3,2401,0,0,0
-0.66784,3,2401,0,0,0
-0.76084,3,2401,0,0,0
-0.84047,3,2401,0,0,0
-0.90435,3,2401,0,0,0
-0.95061,3,2401,0,0,0
-0.97795,3,2401,0,0,0
-0.98575,3,2401,0,0,0
-0.97403,3,2401,0,0,0
-0.94347,3,2401,0,0,0
-0.89537,3,2401,0,0,0
-0.83159,3,2401,0,0,0
-0.75447,3,2401,0,0,0
-0.66667,3,2401,0,0,0
-0.57116,3,2401,0,0,0
-0.47096,3,2401,0,0,0
-0.36914,3,2401,0,0,0
-0.26861,3,2401,0,0,0
-0.17207,3,2401,0,0,0
-0.081877,3,2401,0,0,0
8.4294e-15,3,2401,0,0,0
0.072038,3,2401,0,0,0
0.13318,3,2401,0,0,0
0.18286,3,2401,0,0,0
0.22094,3,2401,0,0,0
0.24773,3,2401,0,0,0
0.26387,3,2401,0,0,0
0.27034,3,2401,0,0,0
0.26831,3,2401,0,0,0
0.25912,3,2401,0,0,0
0.24418,3,2401,0,0,0
0.22493,3,2401,0,0,0
0.20272,3,2401,0,0,0
0.17885,3,2401,0,0,0
0.15442,3,2401,0,0,0
0.1304,3,2401,0,0,0
0.10756,3,2401,0,0,0
0.086489,3,2401,0,0,0
0.067585,3,2401,0,0,0
0.051082,3,2401,0,0,0
0.037064,3,2401,0,0,0
0.025493,3,2401,0,0,0
0.01623,3,2401,0,0,0
0.0090669,3,2401,0,0,0
0.0037496,3,2401,0,0,0
-7.1723e-17,3,2401,0,0,0
-0.0024634,3,2401,0,0,0
-0.0039109,3,2401,0,0,0
-0.0045895,3,2401,0,0,0
-0.004716,3,2401,0,0,0
-0.0044726,3,2401,0,0,0
-0.0040061,3,2401,0,0,0
-0.0034295,3,2401,0,0,0
-0.0028245,3,2401,0,0,0
-0.0022468,3,2401,0,0,0
-0.0017298,3,2401,0,0,0
-0.0012902,3,2401,0,0,0
-0.00093253,3,2401,0,0,0
-0.00065275,3,2401,0,0,0
-0.00044196,3,2401,0,0,0
-0.00028892,3,2401,0,0,0
-0.00018188,3,2401,0,0,0
-0.00010986,3,2401,0,0,0
-6.3355e-05,3,2401,0,0,0
-3.4648e-05,3,2401,0,0,0
-1.7791e-05,3,2401,0,0,0
-8.4444e-06,3,2401,0,0,0
-3.6053e-06,3,2401,0,0,0
-1.3072e-06,3,2401,0,0,0
-3.3781e-07,3,2401,0,0,0
-1.0279e-20,3,2401,0,0,0
7.5356e-08,3,2401,0,0,0
6.3866e-08,3,2401,0,0,0
3.7143e-08,3,2401,0,0,0
1.7267e-08,3,2401,0,0,0
6.6102e-09,3,2401,0,0,0
2.065e-09,3,2401,0,0,0
5.0823e-10,3,2401,0,0,0
9.2208e-11,3,2401,0,0,0
1.0957e-11,3,2401,0,0,0
6.8053e-13,3,2401,0,0,0
1.3331e-14,3,2401,0,0,0
1.709e-17,3,2401,0,0,0
1.7332e-30,3,2401,0,0,0
5.8415e-18,3,2401,0,0,0
7.6108e-15,3,2401,0,0,0
4.554e-13,3,2401,0,0,0
7.8551e-12,3,2401,0,0,0
6.8164e-11,3,2401,0,0,0
3.7893e-10,3,2401,0,0,0
1.5262e-09,3,2401,0,0,0
4.7527e-09,3,2401,0,0,0
1.1748e-08,3,2401,0,0,0
2.2608e-08,3,2401,0,0,0
2.9284e-08,3,2401,0,0,0
-2.1082e-20,3,2401,0,0,0
-1.5187e-07,3,2401,0,0,0
-6.228e-07,3,2401,0,0,0
-1.8072e-06,3,2401,0,0,0
-4.4267e-06,3,2401,0,0,0
-9.7054e-06,3,2401,0,0,0
-1.9588e-05,3,2401,0,0,0
-3.699e-05,3,2401,0,0,0
-6.604e-05,3,2401,0,0,0
-0.00011229,3,2401,0,0,0
-0.00018278,3,2401,0,0,0
-0.00028595,3,2401,0,0,0
-0.00043118,3,2401,0,0,0
-0.00062798,3,2401,0,0,0
-0.00088456,3,2401,0,0,0
-0.0012059,3,2401,0,0,0
-0.0015911,3,2401,0,0,0
-0.00203,3,2401,0,0,0
-0.0024992,3,2401,0,0,0
-0.002958,3,2401,0,0,0
-0.0033436,3,2401,0,0,0
-0.0035673,3,2401,0,0,0
-0.0035107,3,2401,0,0,0
-0.0030236,3,2401,0,0,0
-0.0019241,3,2401,0,0,0
5.2713e-16,3,2401,0,0,0
0.0029849,3,2401,0,0,0
0.0072827,3,2401,0,0,0
0.013149,3,2401,0,0,0
0.020825,3,2401,0,0,0
0.03052,3,2401,0,0,0
0.042388,3,2401,0,0,0
0.056501,3,2401,0,0,0
0.072828,3,2401,0,0,0
0.091206,3,2401,0,0,0
0.11132,3,2401,0,0,0
0.1327,3,2401,0,0,0
0.15468,3,2401,0,0,0
0.17643,3,2401,0,0,0
0.19695,3,2401,0,0,0
0.21509,3,2401,0,0,0
0.22958,3,2401,0,0,0
0.23907,3,2401,0,0,0
0.24223,3,2401,0,0,0
0.23773,3,2401,0,0,0
0.22439,3,2401,0,0,0
0.20118,3,2401,0,0,0
0.16737,3,2401,0,0,0
0.12252,3,2401,0,0,0
0.066604,3,2401,0,0,0
-9.51e-15,3,2401,0,0,0
-0.076449,3,2401,0,0,0
-0.16144,3,2401,0,0,0
-0.25322,3,2401,0,0,0
-0.34963,3,2401,0,0,0
-0.44816,3,2401,0,0,0
-0.54602,3,2401,0,0,0
-0.64026,3,2401,0,0,0
-0.72788,3,2401,0,0,0
-0.80593,3,2401,0,0,0
-0.87166,3,2401,0,0,0
-0.9226,3,2401,0,0,0
-0.95674,3,2401,0,0,0
-0.97257,3,2401,0,0,0
-0.96916,3,2401,0,0,0
-0.94624,3,2401,0,0,0
-0.90419,3,2401,0,0,0
-0.84405,3,2401,0,0,0
-0.76747,3,2401,0,0,0
-0.67666,3,2401,0,0,0
-0.57428,3,2401,0,0,0
-0.46337,3,2401,0,0,0
-0.34717,3,2401,0,0,0
-0.22903,3,2401,0,0,0
-0.11226,3,2401,0,0,0
5.1064e-15,3,2401,0,0,0
0.10489,3,2401,0,0,0
0.19994,3,2401,0,0,0
0.28312,3,2401,0,0,0
0.35295,3,2401,0,0,0
0.40848,3,2401,0,0,0
0.44932,3,2401,0,0,0
0.4756,3,2401,0,0,0
0.48794,3,2401,0,0,0
0.48739,3,2401,0,0,0
0.47534,3,2401,0,0,0
0.45345,3,2401,0,0,0
0.42354,3,2401,0,0,0
0.38752,3,2401,0,0,0
0.3473,3,2401,0,0,0
0.30467,3,2401,0,0,0
0.26132,3,2401,0,0,0
0.21871,3,2401,0,0,0
0.17808,3,2401,0,0,0
0.14041,3,2401,0,0,0
0.10641,3,2401,0,0,0
0.076543,3,2401,0,0,0
0.051037,3,2401,0,0,0
0.029907,3,2401,0,0,0
0.012995,3,2401,0,0,0
4.3479e-16,3,2401,0,0,0
-0.009476,3,2401,0,0,0
-0.015897,3,2401,0,0,0
-0.019759,3,2401,0,0,0
-0.021556,3,2401,0,0,0
-0.021763,3,2401,0,0,0
-0.020811,3,2401,0,0,0
-0.019079,3,2401,0,0,0
-0.016886,3,2401,0,0,0
-0.014489,3,2401,0,0,0
-0.012082,3,2401,0,0,0
-0.0098063,3,2401,0,0,0
-0.007751,3,2401,0,0,0
-0.0059665,3,2401,0,0,0
-0.0044703,3,2401,0,0,0
-0.0032562,3,2401,0,0,0
-0.0023018,3,2401,0,0,0
-0.001575,3,2401,0,0,0
-0.0010392,3,2401,0,0,0
-0.00065759,3,2401,0,0,0
-0.00039575,3,2401,0,0,0
-0.00022346,3,2401,0,0,0
-0.00011547,3,2401,0,0,0
-5.17e-05,3,2401,0,0,0
-1.6896e-05,3,2401,0,0,0
3.5143e-18,3,2401,0,0,0
6.6004e-06,3,2401,0,0,0
7.8508e-06,3,2401,0,0,0
6.748e-06,3,2401,0,0,0
4.949e-06,3,2401,0,0,0
3.2517e-06,3,2401,0,0,0
1.9494e-06,3,2401,0,0,0
1.0727e-06,3,2401,0,0,0
5.415e-07,3,2401,0,0,0
2.4937e-07,3,2401,0,0,0
1.0373e-07,3,2401,0,0,0
3.8393e-08,3,2401,0,0,0
1.2374e-08,3,2401,0,0,0
3.3659e-09,3,2401,0,0,0
7.379e-10,3,2401,0,0,0
1.2138e-10,3,2401,0,0,0
1.3305e-11,3,2401,0,0,0
7.8134e-13,3,2401,0,0,0
1.5297e-14,3,2401,0,0,0
2.43e-17,3,2401,0,0,0
1.0016e-26,3,2401,0,0,0
1.1906e-18,3,2401,0,0,0
1.9407e-15,3,2401,0,0,0
9.5204e-14,3,2401,0,0,0
9.5142e-13,3,2401,0,0,0
-2.2867e-24,3,2401,0,0,0
-6.0666e-11,3,2401,0,0,0
-5.7584e-10,3,2401,0,0,0
-3.2866e-09,3,2401,0,0,0
-1.4072e-08,3,2401,0,0,0
-4.936e-08,3,2401,0,0,0
-1.4885e-07,3,2401,0,0,0
-3.9795e-07,3,2401,0,0,0
-9.632e-07,3,2401,0,0,0
-2.1431e-06,3,2401,0,0,0
-4.4331e-06,3,2401,0,0,0
-8.5998e-06,3,2401,0,0,0
-1.575e-05,3,2401,0,0,0
-2.7369e-05,3,2401,0,0,0
-4.5303e-05,3,2401,0,0,0
-7.1623e-05,3,2401,0,0,0
-0.00010833,3,2401,0,0,0
-0.00015684,3,2401,0,0,0
-0.00021717,3,2401,0,0,0
-0.0002868,3,2401,0,0,0
-0.00035917,3,2401,0,0,0
-0.00042187,3,2401,0,0,0
-0.00045449,3,2401,0,0,0
-0.0004263,3,2401,0,0,0
-0.00029407,3,2401,0,0,0
6.2126e-17,3,2401,0,0,0
0.00052958,3,2401,0,0,0
0.0013846,3,2401,0,0,0
0.0026703,3,2401,0,0,0
0.0045044,3,2401,0,0,0
0.0070121,3,2401,0,0,0
0.010319,3,2401,0,0,0
0.014541,3,2401,0,0,0
0.019773,3,2401,0,0,0
0.026073,3,2401,0,0,0
0.033446,3,2401,0,0,0
0.041832,3,2401,0,0,0
0.051084,3,2401,0,0,0
0.060954,3,2401,0,0,0
0.071084,3,2401,0,0,0
0.080999,3,2401,0,0,0
0.090102,3,2401,0,0,0
0.097684,3,2401,0,0,0
0.10293,3,2401,0,0,0
0.10497,3,2401,0,0,0
0.10285,3,2401,0,0,0
0.09565,3,2401,0,0,0
0.082476,3,2401,0,0,0
0.062535,3,2401,0,0,0
0.035186,3,2401,0,0,0
-2.7522e-15,3,2401,0,0,0
-0.04319,3,2401,0,0,0
-0.094241,3,2401,0,0,0
-0.15266,3,2401,0,0,0
-0.21759,3,2401,0,0,0
-0.28779,3,2401,0,0,0
-0.36165,3,2401,0,0,0
-0.43725,3,2401,0,0,0
-0.51237,3,2401,0,0,0
-0.58456,3,2401,0,0,0
-0.65129,3,2401,0,0,0
-0.70996,3,2401,0,0,0
-0.75808,3,2401,0,0,0
-0.79333,3,2401,0,0,0
-0.81371,3,2401,0,0,0
-0.81762,3,2401,0,0,0
-0.80396,3,2401,0,0,0
-0.77219,3,2401,0,0,0
-0.72239,3,2401,0,0,0
-0.65526,3,2401,0,0,0
-0.57213,3,2401,0,0,0
-0.47492,3,2401,0,0,0
-0.36607,3,2401,0,0,0
-0.24847,3,2401,0,0,0
-0.12531,3,2401,0,0,0
-1.9476e-15,3,2401,0,0,0
0.12398,3,2401,0,0,0
0.24324,3,2401,0,0,0
0.35457,3,2401,0,0,0
0.45512,3,2401,0,0,0
0.54243,3,2401,0,0,0
0.61461,3,2401,0,0,0
0.67029,3,2401,0,0,0
0.70875,3,2401,0,0,0
0.72988,3,2401,0,0,0
0.73415,3,2401,0,0,0
0.72257,3,2401,0,0,0
0.69662,3,2401,0,0,0
0.65817,3,2401,0,0,0
0.60939,3,2401,0,0,0
0.5526,3,2401,0,0,0
0.49021,3,2401,0,0,0
0.42459,3,2401,0,0,0
0.35801,3,2401,0,0,0
0.29251,3,2401,0,0,0
0.22989,3,2401,0,0,0
0.17163,3,2401,0,0,0
0.11888,3,2401,0,0,0
0.072432,3,2401,0,0,0
0.032755,3,2401,0,0,0
-1.0289e-14,3,2401,0,0,0
-0.025958,3,2401,0,0,0
-0.04548,3,2401,0,0,0
-0.059112,3,2401,0,0,0
-0.067534,3,2401,0,0,0
-0.071508,3,2401,0,0,0
-0.071833,3,2401,0,0,0
-0.069305,3,2401,0,0,0
-0.064677,3,2401,0,0,0
-0.058634,3,2401,0,0,0
-0.051776,3,2401,0,0,0
-0.044606,3,2401,0,0,0
-0.037524,3,2401,0,0,0
-0.030829,3,2401,0,0,0
-0.024731,3,2401,0,0,0
-0.019353,3,2401,0,0,0
-0.014753,3,2401,0,0,0
-0.01093,3,2401,0,0,0
-0.0078441,3,2401,0,0,0
-0.0054259,3,2401,0,0,0
-0.0035894,3,2401,0,0,0
-0.0022415,3,2401,0,0,0
-0.0012898,3,2401,0,0,0
-0.0006481,3,2401,0,0,0
-0.00023976,3,2401,0,0,0
4.615e-17,3,2401,0,0,0
0.00012377,3,2401,0,0,0
0.00017235,3,2401,0,0,0
0.00017601,3,2401,0,0,0
0.000156,3,2401,0,0,0
0.00012636,3,2401,0,0,0
9.5604e-05,3,2401,0,0,0
6.8275e-05,3,2401,0,0,0
4.6255e-05,3,2401,0,0,0
2.9786e-05,3,2401,0,0,0
1.8228e-05,3,2401,0,0,0
1.0582e-05,3,2401,0,0,0
5.8093e-06,3,2401,0,0,0
3.0018e-06,3,2401,0,0,0
1.4508e-06,3,2401,0,0,0
6.5035e-07,3,2401,0,0,0
2.6747e-07,3,2401,0,0,0
9.9478e-08,3,2401,0,0,0
3.2815e-08,3,2401,0,0,0
9.3477e-09,3,2401,0,0,0
2.2134e-09,3,2401,0,0,0
4.1146e-10,3,2401,0,0,0
5.4772e-11,3,2401,0,0,0
4.4239e-12,3,2401,0,0,0
1.4903e-13,3,2401,0,0,0
-6.4569e-28,3,2401,0,0,0
-8.7768e-18,3,2401,0,0,0
-4.6925e-25,3,2401,0,0,0
-3.4739e-19,3,2401,0,0,0
-1.643e-15,3,2401,0,0,0
-1.6984e-13,3,2401,0,0,0
-4.2221e-12,3,2401,0,0,0
-4.9191e-11,3,2401,0,0,0
-3.5671e-10,3,2401,0,0,0
-1.8658e-09,3,2401,0,0,0
-7.676e-09,3,2401,0,0,0
-2.6243e-08,3,2401,0,0,0
-7.7368e-08,3,2401,0,0,0
-2.0187e-07,3,2401,0,0,0
-4.7489e-07,3,2401,0,0,0
-1.0211e-06,3,2401,0,0,0
-2.0261e-06,3,2401,0,0,0
-3.7357e-06,3,2401,0,0,0
-6.4256e-06,3,2401,0,0,0
-1.0322e-05,3,2401,0,0,0
-1.5444e-05,3,2401,0,0,0
-2.1341e-05,3,2401,0,0,0
-2.6689e-05,3,2401,0,0,0
-2.8722e-05,3,2401,0,0,0
-2.2501e-05,3,2401,0,0,0
3.2106e-18,3,2401,0,0,0
5.0914e-05,3,2401,0,0,0
0.00014756,3,2401,0,0,0
0.00031346,3,2401,0,0,0
0.00057906,3,2401,0,0,0
0.00098211,3,2401,0,0,0
0.0015673,3,2401,0,0,0
0.0023849,3,2401,0,0,0
0.0034883,3,2401,0,0,0
0.0049303,3,2401,0,0,0
0.0067577,3,2401,0,0,0
0.009004,3,2401,0,0,0
0.011682,3,2401,0,0,0
0.014772,3,2401,0,0,0
0.018215,3,2401,0,0,0
0.0219,3,2401,0,0,0
0.025653,3,2401,0,0,0
0.029234,3,2401,0,0,0
0.032326,3,2401,0,0,0
0.034538,3,2401,0,0,0
0.035406,3,2401,0,0,0
0.034403,3,2401,0,0,0
0.030956,3,2401,0,0,0
0.024464,3,2401,0,0,0
0.014331,3,2401,0,0,0
-1.3024e-16,3,2401,0,0,0
-0.019012,3,2401,0,0,0
-0.043069,3,2401,0,0,0
-0.072372,3,2401,0,0,0
-0.10692,3,2401,0,0,0
-0.14648,3,2401,0,0,0
-0.19054,3,2401,0,0,0
-0.23831,3,2401,0,0,0
-0.28871,3,2401,0,0,0
-0.34036,3,2401,0,0,0
-0.39165,3,2401,0,0,0
-0.44073,3,2401,0,0,0
-0.4856,3,2401,0,0,0
-0.52417,3,2401,0,0,0
-0.55435,3,2401,0,0,0
-0.57415,3,2401,0,0,0
-0.58175,3,2401,0,0,0
-0.57562,3,2401,0,0,0
-0.5546,3,2401,0,0,0
-0.51799,3,2401,0,0,0
-0.46561,3,2401,0,0,0
-0.39783,3,2401,0,0,0
-0.31559,3,2401,0,0,0
-0.22042,3,2401,0,0,0
-0.11438,3,2401,0,0,0
4.403e-14,3,2401,0,0,0
0.11979,3,2401,0,0,0
0.24178,3,2401,0,0,0
0.36259,3,2401,0,0,0
0.4788,3,2401,0,0,0
0.58712,3,2401,0,0,0
0.68446,3,2401,0,0,0
0.76812,3,2401,0,0,0
0.83583,3,2401,0,0,0
0.88592,3,2401,0,0,0
0.9173,3,2401,0,0,0
0.92955,3,2401,0,0,0
0.92288,3,2401,0,0,0
0.89815,3,2401,0,0,0
0.8568,3,2401,0,0,0
0.80074,3,2401,0,0,0
0.73231,3,2401,0,0,0
0.65415,3,2401,0,0,0
0.56905,3,2401,0,0,0
0.47989,3,2401,0,0,0
0.38945,3,2401,0,0,0
0.30038,3,2401,0,0,0
0.21505,3,2401,0,0,0
0.13551,3,2401,0,0,0
0.063412,3,2401,0,0,0
-1.6961e-14,3,2401,0,0,0
-0.053923,3,2401,0,0,0
-0.097972,3,2401,0,0,0
-0.13215,3,2401,0,0,0
-0.15683,3,2401,0,0,0
-0.17264,3,2401,0,0,0
-0.18049,3,2401,0,0,0
-0.18141,3,2401,0,0,0
-0.17657,3,2401,0,0,0
-0.16716,3,2401,0,0,0
-0.15434,3,2401,0,0,0
-0.13923,3,2401,0,0,0
-0.12282,3,2401,0,0,0
-0.10599,3,2401,0,0,0
-0.089466,3,2401,0,0,0
-0.073808,3,2401,0,0,0
-0.059435,3,2401,0,0,0
-0.04662,3,2401,0,0,0
-0.035508,3,2401,0,0,0
-0.026135,3,2401,0,0,0
-0.018449,3,2401,0,0,0
-0.012332,3,2401,0,0,0
-0.0076215,3,2401,0,0,0
-0.0041283,3,2401,0,0,0
-0.0016531,3,2401,0,0,0
2.6458e-16,3,2401,0,0,0
0.0010138,3,2401,0,0,0
0.0015511,3,2401,0,0,0
0.001751,3,2401,0,0,0
0.0017273,3,2401,0,0,0
0.0015691,3,2401,0,0,0
0.0013429,3,2401,0,0,0
0.0010954,3,2401,0,0,0
0.00085701,3,2401,0,0,0
0.00064542,3,2401,0,0,0
0.00046868,3,2401,0,0,0
0.00032835,3,2401,0,0,0
0.00022184,3,2401,0,0,0
0.00014438,3,2401,0,0,0
9.0335e-05,3,2401,0,0,0
5.4191e-05,3,2401,0,0,0
3.1053e-05,3,2401,0,0,0
1.6915e-05,3,2401,0,0,0
8.7023e-06,3,2401,0,0,0
4.1914e-06,3,2401,0,0,0
1.8667e-06,3,2401,0,0,0
7.5452e-07,3,2401,0,0,0
2.6828e-07,3,2401,0,0,0
7.8811e-08,3,2401,0,0,0
1.5942e-08,3,2401,0,0,0
-6.8197e-22,3,2401,0,0,0
-1.8832e-09,3,2401,0,0,0
-1.0444e-09,3,2401,0,0,0
-3.5689e-10,3,2401,0,0,0
-8.3367e-11,3,2401,0,0,0
-1.2604e-11,3,2401,0,0,0
-1.0395e-12,3,2401,0,0,0
-3.142e-14,3,2401,0,0,0
-1.117e-16,3,2401,0,0,0
-4.1374e-23,3,2401,0,0,0
-3.0926e-19,3,2401,0,0,0
-2.1244e-15,3,2401,0,0,0
-2.1589e-13,3,2401,0,0,0
-4.9793e-12,3,2401,0,0,0
-5.3055e-11,3,2401,0,0,0
-3.5003e-10,3,2401,0,0,0
-1.6593e-09,3,2401,0,0,0
-6.154e-09,3,2401,0,0,0
-1.8811e-08,3,2401,0,0,0
-4.8955e-08,3,2401,0,0,0
-1.1052e-07,3,2401,0,0,0
-2.1792e-07,3,2401,0,0,0
-3.7179e-07,3,2401,0,0,0
-5.2631e-07,3,2401,0,0,0
-5.2622e-07,3,2401,0,0,0
3.1181e-20,3,2401,0,0,0
1.8053e-06,3,2401,0,0,0
6.2596e-06,3,2401,0,0,0
1.5661e-05,3,2401,0,0,0
3.3617e-05,3,2401,0,0,0
6.5475e-05,3,2401,0,0,0
0.00011875,3,2401,0,0,0
0.00020351,3,2401,0,0,0
0.00033253,3,2401,0,0,0
0.00052128,3,2401,0,0,0
0.00078734,3,2401,0,0,0
0.0011494,3,2401,0,0,0
0.0016253,3,2401,0,0,0
0.0022295,3,2401,0,0,0
0.0029696,3,2401,0,0,0
0.0038416,3,2401,0,0,0
0.0048249,3,2401,0,0,0
0.0058762,3,2401,0,0,0
0.0069236,3,2401,0,0,0
0.0078608,3,2401,0,0,0
0.0085417,3,2401,0,0,0
0.0087774,3,2401,0,0,0
0.0083344,3,2401,0,0,0
0.006937,3,2401,0,0,0
0.0042723,3,2401,0,0,0
-2.066e-15,3,2401,0,0,0
-0.0062331,3,2401,0,0,0
-0.014774,3,2401,0,0,0
-0.025941,3,2401,0,0,0
-0.039997,3,2401,0,0,0
-0.057117,3,2401,0,0,0
-0.077361,3,2401,0,0,0
-0.10064,3,2401,0,0,0
-0.1267,3,2401,0,0,0
-0.15509,3,2401,0,0,0
-0.18513,3,2401,0,0,0
-0.21596,3,2401,0,0,0
-0.24648,3,2401,0,0,0
-0.27541,3,2401,0,0,0
-0.30133,3,2401,0,0,0
-0.32267,3,2401,0,0,0
-0.33785,3,2401,0,0,0
-0.34526,3,2401,0,0,0
-0.34342,3,2401,0,0,0
-0.33098,3,2401,0,0,0
-0.30689,3,2401,0,0,0
-0.27037,3,2401,0,0,0
-0.22108,3,2401,0,0,0
-0.15912,3,2401,0,0,0
-0.085061,3,2401,0,0,0
2.8104e-14,3,2401,0,0,0
