0,1,0,0,0,701
0.12508,1,0,0,0,701
0.24671,1,0,0,0,701
0.36155,1,0,0,0,701
0.46657,1,0,0,0,701
0.55907,1,0,0,0,701
0.63688,1,0,0,0,701
0.69836,1,0,0,0,701
0.74248,1,0,0,0,701
0.76882,1,0,0,0,701
0.77761,1,0,0,0,701
0.76963,1,0,0,0,701
0.74618,1,0,0,0,701
0.70903,1,0,0,0,701
0.66027,1,0,0,0,701
0.60224,1,0,0,0,701
0.53741,1,0,0,0,701
0.46827,1,0,0,0,701
0.39725,1,0,0,0,701
0.32658,1,0,0,0,701
0.25829,1,0,0,0,701
0.19407,1,0,0,0,701
0.1353,1,0,0,0,701
0.082984,1,0,0,0,701
0.037781,1,0,0,0,701
-8.7142e-17,1,0,0,0,701
-0.030364,1,0,0,0,701
-0.053587,1,0,0,0,701
-0.070168,1,0,0,0,701
-0.080778,1,0,0,0,701
-0.086203,1,0,0,0,701
-0.087297,1,0,0,0,701
-0.084926,1,0,0,0,701
-0.079935,1,0,0,0,701
-0.07311,1,0,0,0,701
-0.065152,1,0,0,0,701
-0.056662,1,0,0,0,701
-0.048135,1,0,0,0,701
-0.039952,1,0,0,0,701
-0.03239,1,0,0,0,701
-0.025628,1,0,0,0,701
-0.019761,1,0,0,0,701
-0.014818,1,0,0,0,701
-0.010769,1,0,0,0,701
-0.0075479,1,0,0,0,701
-0.0050629,1,0,0,0,701
-0.0032082,1,0,0,0,701
-0.0018748,1,0,0,0,701
-0.00095751,1,0,0,0,701
-0.00036041,1,0,0,0,701
1.3638e-18,1,0,0,0,701
0.00019325,1,0,0,0,701
0.00027482,1,0,0,0,701
0.00028704,1,0,0,0,701
0.00026065,1,0,0,0,701
0.00021673,1,0,0,0,701
0.0001687,1,0,0,0,701
0.00012426,1,0,0,0,701
8.7083e-05,1,0,0,0,701
5.8205e-05,1,0,0,0,701
3.7118e-05,1,0,0,0,701
2.256e-05,1,0,0,0,701
1.3039e-05,1,0,0,0,701
7.141e-06,1,0,0,0,701
3.6876e-06,1,0,0,0,701
1.7841e-06,1,0,0,0,701
8.0196e-07,1,0,0,0,701
3.3126e-07,1,0,0,0,701
1.2394e-07,1,0,0,0,701
4.1183e-08,1,0,0,0,701
1.1827e-08,1,0,0,0,701
2.8201e-09,1,0,0,0,701
5.2428e-10,1,0,0,0,701
6.7924e-11,1,0,0,0,701
4.7074e-12,1,0,0,0,701
1.1524e-27,1,0,0,0,701
-1.4273e-14,1,0,0,0,701
-1.9053e-16,1,0,0,0,701
-7.919e-21,1,0,0,0,701
-2.1008e-21,1,0,0,0,701
-2.6484e-16,1,0,0,0,701
-5.6706e-14,1,0,0,0,701
-1.9258e-12,1,0,0,0,701
-2.6581e-11,1,0,0,0,701
-2.1395e-10,1,0,0,0,701
-1.1991e-09,1,0,0,0,701
-5.175e-09,1,0,0,0,701
-1.8302e-08,1,0,0,0,701
-5.5271e-08,1,0,0,0,701
-1.4662e-07,1,0,0,0,701
-3.486e-07,1,0,0,0,701
-7.5347e-07,1,0,0,0,701
-1.4953e-06,1,0,0,0,701
-2.7423e-06,1,0,0,0,701
-4.6604e-06,1,0,0,0,701
-7.3305e-06,1,0,0,0,701
-1.0592e-05,1,0,0,0,701
-1.3789e-05,1,0,0,0,701
-1.5389e-05,1,0,0,0,701
-1.2462e-05,1,0,0,0,701
2.0039e-19,1,0,0,0,701
2.9885e-05,1,0,0,0,701
8.8866e-05,1,0,0,0,701
0.00019331,1,0,0,0,701
0.0003651,1,0,0,0,701
0.00063213,1,0,0,0,701
0.0010284,1,0,0,0,701
0.0015935,1,0,0,0,701
0.0023709,1,0,0,0,701
0.0034053,1,0,0,0,701
0.0047389,1,0,0,0,701
0.0064059,1,0,0,0,701
0.0084254,1,0,0,0,701
0.010794,1,0,0,0,701
0.013477,1,0,0,0,701
0.016396,1,0,0,0,701
0.019426,1,0,0,0,701
0.022381,1,0,0,0,701
0.025009,1,0,0,0,701
0.026991,1,0,0,0,701
0.027939,1,0,0,0,701
0.027403,1,0,0,0,701
0.024882,1,0,0,0,701
0.019837,1,0,0,0,701
0.01172,1,0,0,0,701
-1.2679e-16,1,0,0,0,701
-0.015802,1,0,0,0,701
-0.036076,1,0,0,0,701
-0.061083,1,0,0,0,701
-0.090912,1,0,0,0,701
-0.12545,1,0,0,0,701
-0.16433,1,0,0,0,701
-0.20695,1,0,0,0,701
-0.25241,1,0,0,0,701
-0.29955,1,0,0,0,701
-0.34693,1,0,0,0,701
-0.39289,1,0,0,0,701
-0.43561,1,0,0,0,701
-0.47311,1,0,0,0,701
-0.50339,1,0,0,0,701
-0.52449,1,0,0,0,701
-0.53457,1,0,0,0,701
-0.53202,1,0,0,0,701
-0.51555,1,0,0,0,701
-0.48426,1,0,0,0,701
-0.43775,1,0,0,0,701
-0.37611,1,0,0,0,701
-0.30001,1,0,0,0,701
-0.2107,1,0,0,0,701
-0.10993,1,0,0,0,701
-6.6448e-16,1,0,0,0,701
0.11638,1,0,0,0,701
0.23616,1,0,0,0,701
0.35606,1,0,0,0,701
0.4727,1,0,0,0,701
0.58272,1,0,0,0,701
0.68295,1,0,0,0,701
0.7705,1,0,0,0,701
0.8429,1,0,0,0,701
0.89818,1,0,0,0,701
0.93496,1,0,0,0,701
0.95252,1,0,0,0,701
0.95078,1,0,0,0,701
0.93031,1,0,0,0,701
0.89229,1,0,0,0,701
0.83847,1,0,0,0,701
0.77104,1,0,0,0,701
0.69257,1,0,0,0,701
0.60585,1,0,0,0,701
0.5138,1,0,0,0,701
0.41935,1,0,0,0,701
0.32531,1,0,0,0,701
0.23426,1,0,0,0,701
0.14849,1,0,0,0,701
0.069903,1,0,0,0,701
-1.398e-15,1,0,0,0,701
-0.060174,1,0,0,0,701
-0.11002,1,0,0,0,701
-0.14935,1,0,0,0,701
-0.17839,1,0,0,0,701
-0.19768,1,0,0,0,701
-0.20807,1,0,0,0,701
-0.21059,1,0,0,0,701
-0.20642,1,0,0,0,701
-0.19683,1,0,0,0,701
-0.1831,1,0,0,0,701
-0.16643,1,0,0,0,701
-0.14797,1,0,0,0,701
-0.12873,1,0,0,0,701
-0.10956,1,0,0,0,701
-0.091158,1,0,0,0,701
-0.074056,1,0,0,0,701
-0.05862,1,0,0,0,701
-0.045071,1,0,0,0,701
-0.033499,1,0,0,0,701
-0.023888,1,0,0,0,701
-0.016137,1,0,0,0,701
-0.010083,1,0,0,0,701
-0.0055247,1,0,0,0,701
-0.0022389,1,0,0,0,701
3.6631e-17,1,0,0,0,701
0.0014088,1,0,0,0,701
0.0021854,1,0,0,0,701
0.0025032,1,0,0,0,701
0.0025075,1,0,0,0,701
0.0023151,1,0,0,0,701
0.0020157,1,0,0,0,701
0.0016746,1,0,0,0,701
0.001336,1,0,0,0,701
0.0010274,1,0,0,0,701
0.00076292,1,0,0,0,701
0.00054751,1,0,0,0,701
0.00037966,1,0,0,0,701
0.00025416,1,0,0,0,701
0.00016399,1,0,0,0,701
0.00010174,1,0,0,0,701
6.0494e-05,1,0,0,0,701
3.4327e-05,1,0,0,0,701
1.8482e-05,1,0,0,0,701
9.3671e-06,1,0,0,0,701
4.4188e-06,1,0,0,0,701
1.9071e-06,1,0,0,0,701
7.3123e-07,1,0,0,0,701
2.3451e-07,1,0,0,0,701
5.2609e-08,1,0,0,0,701
-4.245e-22,1,0,0,0,701
-8.1855e-09,1,0,0,0,701
-5.4856e-09,1,0,0,0,701
-2.3917e-09,1,0,0,0,701
-7.7384e-10,1,0,0,0,701
-1.8506e-10,1,0,0,0,701
-3.0579e-11,1,0,0,0,701
-3.0179e-12,1,0,0,0,701
-1.309e-13,1,0,0,0,701
-1.1476e-15,1,0,0,0,701
-8.0994e-20,1,0,0,0,701
-6.4066e-22,1,0,0,0,701
-2.5669e-16,1,0,0,0,701
-5.9508e-14,1,0,0,0,701
-1.9458e-12,1,0,0,0,701
-2.5017e-11,1,0,0,0,701
-1.8482e-10,1,0,0,0,701
-9.4102e-10,1,0,0,0,701
-3.6491e-09,1,0,0,0,701
-1.1431e-08,1,0,0,0,701
-2.9943e-08,1,0,0,0,701
-6.6694e-08,1,0,0,0,701
-1.26e-07,1,0,0,0,701
-1.9449e-07,1,0,0,0,701
-2.0948e-07,1,0,0,0,701
7.8525e-21,1,0,0,0,701
8.1166e-07,1,0,0,0,701
2.9599e-06,1,0,0,0,701
7.7466e-06,1,0,0,0,701
1.7316e-05,1,0,0,0,701
3.4985e-05,1,0,0,0,701
6.5604e-05,1,0,0,0,701
0.0001159,1,0,0,0,701
0.00019477,1,0,0,0,701
0.00031331,1,0,0,0,701
0.00048468,1,0,0,0,701
0.00072346,1,0,0,0,701
0.0010444,1,0,0,0,701
0.0014608,1,0,0,0,701
0.0019815,1,0,0,0,701
0.0026076,1,0,0,0,701
0.0033283,1,0,0,0,701
0.0041159,1,0,0,0,701
0.0049203,1,0,0,0,701
0.0056636,1,0,0,0,701
0.0062353,1,0,0,0,701
0.0064877,1,0,0,0,701
0.0062342,1,0,0,0,701
0.0052485,1,0,0,0,701
0.003268,1,0,0,0,701
-7.0464e-17,1,0,0,0,701
-0.0048671,1,0,0,0,701
-0.011649,1,0,0,0,701
-0.020648,1,0,0,0,701
-0.032126,1,0,0,0,701
-0.046281,1,0,0,0,701
-0.063221,1,0,0,0,701
-0.082929,1,0,0,0,701
-0.10524,1,0,0,0,701
-0.12983,1,0,0,0,701
-0.15616,1,0,0,0,701
-0.18352,1,0,0,0,701
-0.21097,1,0,0,0,701
-0.2374,1,0,0,0,701
-0.26154,1,0,0,0,701
-0.28196,1,0,0,0,701
-0.29718,1,0,0,0,701
-0.30568,1,0,0,0,701
-0.30599,1,0,0,0,701
-0.29676,1,0,0,0,701
-0.27686,1,0,0,0,701
-0.2454,1,0,0,0,701
-0.20187,1,0,0,0,701
-0.14615,1,0,0,0,701
-0.078583,1,0,0,0,701
-9.7876e-16,1,0,0,0,701
0.088285,1,0,0,0,701
0.18448,1,0,0,0,701
0.28637,1,0,0,0,701
0.39134,1,0,0,0,701
0.49652,1,0,0,0,701
0.59885,1,0,0,0,701
0.6952,1,0,0,0,701
0.78249,1,0,0,0,701
0.85784,1,0,0,0,701
0.91868,1,0,0,0,701
0.96286,1,0,0,0,701
0.98876,1,0,0,0,701
0.99535,1,0,0,0,701
0.98224,1,0,0,0,701
0.94971,1,0,0,0,701
0.89871,1,0,0,0,701
0.8308,1,0,0,0,701
0.74809,1,0,0,0,701
0.65316,1,0,0,0,701
0.54893,1,0,0,0,701
0.43858,1,0,0,0,701
0.32537,1,0,0,0,701
0.21253,1,0,0,0,701
0.10313,1,0,0,0,701
-1.5471e-15,1,0,0,0,701
-0.094435,1,0,0,0,701
-0.17817,1,0,0,0,701
-0.24971,1,0,0,0,701
-0.30807,1,0,0,0,701
-0.35279,1,0,0,0,701
-0.38394,1,0,0,0,701
-0.40201,1,0,0,0,701
-0.40794,1,0,0,0,701
-0.40297,1,0,0,0,701
-0.38859,1,0,0,0,701
-0.36645,1,0,0,0,701
-0.3383,1,0,0,0,701
-0.30586,1,0,0,0,701
-0.2708,1,0,0,0,701
-0.23463,1,0,0,0,701
-0.19871,1,0,0,0,701
-0.16417,1,0,0,0,701
-0.13191,1,0,0,0,701
-0.1026,1,0,0,0,701
-0.076676,1,0,0,0,701
-0.054369,1,0,0,0,701
-0.035721,1,0,0,0,701
-0.020617,1,0,0,0,701
-0.0088186,1,0,0,0,701
3.1975e-16,1,0,0,0,701
0.0062227,1,0,0,0,701
0.01026,1,0,0,0,701
0.012526,1,0,0,0,701
0.013413,1,0,0,0,701
0.013282,1,0,0,0,701
0.012447,1,0,0,0,701
0.011173,1,0,0,0,701
0.0096742,1,0,0,0,701
0.0081119,1,0,0,0,701
0.0066031,1,0,0,0,701
0.0052249,1,0,0,0,701
0.0040209,1,0,0,0,701
0.003009,1,0,0,0,701
0.0021881,1,0,0,0,701
0.0015442,1,0,0,0,701
0.0010555,1,0,0,0,701
0.00069672,1,0,0,0,701
0.00044239,1,0,0,0,701
0.00026864,1,0,0,0,701
0.00015466,1,0,0,0,701
8.3243e-05,1,0,0,0,701
4.0836e-05,1,0,0,0,701
1.7277e-05,1,0,0,0,701
5.3071e-06,1,0,0,0,701
-4.2971e-20,1,0,0,0,701
-1.7958e-06,1,0,0,0,701
-1.9638e-06,1,0,0,0,701
-1.5362e-06,1,0,0,0,701
-1.0129e-06,1,0,0,0,701
-5.8945e-07,1,0,0,0,701
-3.0727e-07,1,0,0,0,701
-1.4367e-07,1,0,0,0,701
-5.982e-08,1,0,0,0,701
-2.1861e-08,1,0,0,0,701
-6.8505e-09,1,0,0,0,701
-1.777e-09,1,0,0,0,701
-3.6148e-10,1,0,0,0,701
-5.2866e-11,1,0,0,0,701
-4.781e-12,1,0,0,0,701
-1.9886e-13,1,0,0,0,701
-1.8543e-15,1,0,0,0,701
-2.4096e-19,1,0,0,0,701
-4.8033e-23,1,0,0,0,701
-9.7211e-17,1,0,0,0,701
-2.4946e-14,1,0,0,0,701
-7.5217e-13,1,0,0,0,701
-8.064e-12,1,0,0,0,701
-4.3786e-11,1,0,0,0,701
-1.2328e-10,1,0,0,0,701
2.1883e-23,1,0,0,0,701
1.904e-09,1,0,0,0,701
1.1645e-08,1,0,0,0,701
4.7238e-08,1,0,0,0,701
1.5389e-07,1,0,0,0,701
4.3151e-07,1,0,0,0,701
1.0794e-06,1,0,0,0,701
2.4623e-06,1,0,0,0,701
5.1998e-06,1,0,0,0,701
1.0275e-05,1,0,0,0,701
1.9151e-05,1,0,0,0,701
3.3874e-05,1,0,0,0,701
5.7125e-05,1,0,0,0,701
9.2175e-05,1,0,0,0,701
0.00014268,1,0,0,0,701
0.00021221,1,0,0,0,701
0.00030356,1,0,0,0,701
0.00041754,1,0,0,0,701
0.00055144,1,0,0,0,701
0.00069703,1,0,0,0,701
0.00083812,1,0,0,0,701
0.00094778,1,0,0,0,701
0.00098543,1,0,0,0,701
0.00089403,1,0,0,0,701
0.00059768,1,0,0,0,701
-9.1962e-18,1,0,0,0,701
-0.0010162,1,0,0,0,701
-0.0025874,1,0,0,0,701
-0.0048659,1,0,0,0,701
-0.0080137,1,0,0,0,701
-0.012193,1,0,0,0,701
-0.017556,1,0,0,0,701
-0.024228,1,0,0,0,701
-0.032292,1,0,0,0,701
-0.041768,1,0,0,0,701
-0.052599,1,0,0,0,701
-0.064624,1,0,0,0,701
-0.077569,1,0,0,0,701
-0.09103,1,0,0,0,701
-0.10447,1,0,0,0,701
-0.1172,1,0,0,0,701
-0.12841,1,0,0,0,701
-0.13719,1,0,0,0,701
-0.14251,1,0,0,0,701
-0.14332,1,0,0,0,701
-0.13854,1,0,0,0,701
-0.12715,1,0,0,0,701
-0.10823,1,0,0,0,701
-0.081031,1,0,0,0,701
-0.045033,1,0,0,0,701
1.9324e-15,1,0,0,0,701
0.053966,1,0,0,0,701
0.11639,1,0,0,0,701
0.18638,1,0,0,0,701
0.26267,1,0,0,0,701
0.34358,1,0,0,0,701
0.42706,1,0,0,0,701
0.51079,1,0,0,0,701
0.59219,1,0,0,0,701
0.66856,1,0,0,0,701
0.73715,1,0,0,0,701
0.79531,1,0,0,0,701
0.84057,1,0,0,0,701
0.87079,1,0,0,0,701
0.88423,1,0,0,0,701
0.87965,1,0,0,0,701
0.85641,1,0,0,0,701
0.81449,1,0,0,0,701
0.7545,1,0,0,0,701
0.67772,1,0,0,0,701
0.58598,1,0,0,0,701
0.4817,1,0,0,0,701
0.3677,1,0,0,0,701
0.24715,1,0,0,0,701
0.12344,1,0,0,0,701
-1.1917e-15,1,0,0,0,701
-0.11977,1,0,0,0,701
-0.23268,1,0,0,0,701
-0.33587,1,0,0,0,701
-0.42687,1,0,0,0,701
-0.50374,1,0,0,0,701
-0.56509,1,0,0,0,701
-0.61011,1,0,0,0,701
-0.63862,1,0,0,0,701
-0.65096,1,0,0,0,701
-0.64804,1,0,0,0,701
-0.6312,1,0,0,0,701
-0.60215,1,0,0,0,701
-0.56288,1,0,0,0,701
-0.51555,1,0,0,0,701
-0.46241,1,0,0,0,701
-0.40566,1,0,0,0,701
-0.34742,1,0,0,0,701
-0.28959,1,0,0,0,701
-0.23386,1,0,0,0,701
-0.18162,1,0,0,0,701
-0.13396,1,0,0,0,701
-0.091644,1,0,0,0,701
-0.055135,1,0,0,0,701
-0.024612,1,0,0,0,701
8.0541e-16,1,0,0,0,701
0.018989,1,0,0,0,701
0.032809,1,0,0,0,701
0.042037,1,0,0,0,701
0.047324,1,0,0,0,701
0.049355,1,0,0,0,701
0.048811,1,0,0,0,701
0.046339,1,0,0,0,701
0.042529,1,0,0,0,701
0.037896,1,0,0,0,701
0.03287,1,0,0,0,701
0.027797,1,0,0,0,701
0.022936,1,0,0,0,701
0.018469,1,0,0,0,701
0.014508,1,0,0,0,701
0.011107,1,0,0,0,701
0.008275,1,0,0,0,701
0.005985,1,0,0,0,701
0.004188,1,0,0,0,701
0.0028208,1,0,0,0,701
0.0018144,1,0,0,0,701
0.0010999,1,0,0,0,701
0.00061327,1,0,0,0,701
0.000298,1,0,0,0,701
0.00010638,1,0,0,0,701
-5.8009e-19,1,0,0,0,701
-5.0733e-05,1,0,0,0,701
-6.7603e-05,1,0,0,0,701
-6.5828e-05,1,0,0,0,701
-5.5409e-05,1,0,0,0,701
-4.2427e-05,1,0,0,0,701
-3.0184e-05,1,0,0,0,701
-2.0146e-05,1,0,0,0,701
-1.2664e-05,1,0,0,0,701
-7.5034e-06,1,0,0,0,701
-4.1826e-06,1,0,0,0,701
-2.1853e-06,1,0,0,0,701
-1.064e-06,1,0,0,0,701
-4.7883e-07,1,0,0,0,701
-1.9702e-07,1,0,0,0,701
-7.3047e-08,1,0,0,0,701
-2.3924e-08,1,0,0,0,701
-6.7353e-09,1,0,0,0,701
-1.5676e-09,1,0,0,0,701
-2.8467e-10,1,0,0,0,701
-3.6814e-11,1,0,0,0,701
-2.9002e-12,1,0,0,0,701
-1.0292e-13,1,0,0,0,701
-8.0557e-16,1,0,0,0,701
-1.0519e-19,1,0,0,0,701
1.2717e-38,1,0,0,0,701
9.4647e-18,1,0,0,0,701
7.4229e-15,1,0,0,0,701
4.5038e-13,1,0,0,0,701
8.7581e-12,1,0,0,0,701
8.9001e-11,1,0,0,0,701
5.9333e-10,1,0,0,0,701
2.9384e-09,1,0,0,0,701
1.1658e-08,1,0,0,0,701
3.8916e-08,1,0,0,0,701
1.1305e-07,1,0,0,0,701
2.9272e-07,1,0,0,0,701
6.8751e-07,1,0,0,0,701
1.4841e-06,1,0,0,0,701
2.9731e-06,1,0,0,0,701
5.5684e-06,1,0,0,0,701
9.8009e-06,1,0,0,0,701
1.6265e-05,1,0,0,0,701
2.5487e-05,1,0,0,0,701
3.7673e-05,1,0,0,0,701
5.2308e-05,1,0,0,0,701
6.7556e-05,1,0,0,0,701
7.9445e-05,1,0,0,0,701
8.0828e-05,1,0,0,0,701
6.0135e-05,1,0,0,0,701
-5.4526e-18,1,0,0,0,701
-0.00012416,1,0,0,0,701
-0.00034542,1,0,0,0,701
-0.00070627,1,0,0,0,701
-0.001259,1,0,0,0,701
-0.002065,1,0,0,0,701
-0.0031932,1,0,0,0,701
-0.0047167,1,0,0,0,701
-0.0067081,1,0,0,0,701
-0.0092322,1,0,0,0,701
-0.012338,1,0,0,0,701
-0.016049,1,0,0,0,701
-0.020349,1,0,0,0,701
-0.025175,1,0,0,0,701
-0.030399,1,0,0,0,701
-0.035821,1,0,0,0,701
-0.041159,1,0,0,0,701
-0.046041,1,0,0,0,701
-0.050008,1,0,0,0,701
-0.052516,1,0,0,0,701
-0.052946,1,0,0,0,701
-0.050623,1,0,0,0,701
-0.044844,1,0,0,0,701
-0.034906,1,0,0,0,701
-0.02015,1,0,0,0,701
-5.3814e-16,1,0,0,0,701
0.025987,1,0,0,0,701
0.058075,1,0,0,0,701
0.096304,1,0,0,0,701
0.14045,1,0,0,0,701
0.18999,1,0,0,0,701
0.2441,1,0,0,0,701
0.30161,1,0,0,0,701
0.36107,1,0,0,0,701
0.42073,1,0,0,0,701
0.4786,1,0,0,0,701
0.53252,1,0,0,0,701
0.58025,1,0,0,0,701
0.61951,1,0,0,0,701
0.64814,1,0,0,0,701
0.66416,1,0,0,0,701
0.66589,1,0,0,0,701
0.65204,1,0,0,0,701
0.62178,1,0,0,0,701
0.57483,1,0,0,0,701
0.51149,1,0,0,0,701
0.43265,1,0,0,0,701
0.3398,1,0,0,0,701
0.23499,1,0,0,0,701
0.12074,1,0,0,0,701
-4.8039e-16,1,0,0,0,701
-0.12399,1,0,0,0,701
-0.24783,1,0,0,0,701
-0.36805,1,0,0,0,701
-0.48131,1,0,0,0,701
-0.58447,1,0,0,0,701
-0.67477,1,0,0,0,701
-0.74989,1,0,0,0,701
-0.80807,1,0,0,0,701
-0.84814,1,0,0,0,701
-0.86959,1,0,0,0,701
-0.87254,1,0,0,0,701
-0.85772,1,0,0,0,701
-0.82645,1,0,0,0,701
-0.7805,1,0,0,0,701
-0.72208,1,0,0,0,701
-0.65367,1,0,0,0,701
-0.5779,1,0,0,0,701
-0.49751,1,0,0,0,701
-0.41516,1,0,0,0,701
-0.33334,1,0,0,0,701
-0.25434,1,0,0,0,701
-0.18011,1,0,0,0,701
-0.11224,1,0,0,0,701
-0.051933,1,0,0,0,701
1.4847e-15,1,0,0,0,701
0.043152,1,0,0,0,701
0.077475,1,0,0,0,701
0.10325,1,0,0,0,701
0.12102,1,0,0,0,701
0.13155,1,0,0,0,701
0.13576,1,0,0,0,701
0.13466,1,0,0,0,701
0.12931,1,0,0,0,701
0.12072,1,0,0,0,701
0.10988,1,0,0,0,701
0.097678,1,0,0,0,701
0.084875,1,0,0,0,701
0.072113,1,0,0,0,701
0.059897,1,0,0,0,701
0.048599,1,0,0,0,701
0.038467,1,0,0,0,701
0.02964,1,0,0,0,701
0.022161,1,0,0,0,701
0.016,1,0,0,0,701
0.01107,1,0,0,0,701
0.0072468,1,0,0,0,701
0.004382,1,0,0,0,701
0.0023199,1,0,0,0,701
0.00090698,1,0,0,0,701
-4.0829e-17,1,0,0,0,701
-0.00052821,1,0,0,0,701
-0.00078588,1,0,0,0,701
-0.0008613,1,0,0,0,701
-0.00082339,1,0,0,0,701
-0.00072345,1,0,0,0,701
-0.00059753,1,0,0,0,701
-0.00046924,1,0,0,0,701
-0.00035248,1,0,0,0,701
-0.00025408,1,0,0,0,701
-0.00017598,1,0,0,0,701
-0.00011712,1,0,0,0,701
-7.4832e-05,1,0,0,0,701
-4.5816e-05,1,0,0,0,701
-2.6805e-05,1,0,0,0,701
-1.493e-05,1,0,0,0,701
-7.8775e-06,1,0,0,0,701
-3.9121e-06,1,0,0,0,701
-1.8132e-06,1,0,0,0,701
-7.7549e-07,1,0,0,0,701
-3.0128e-07,1,0,0,0,701
-1.0389e-07,1,0,0,0,701
-3.0631e-08,1,0,0,0,701
-7.1902e-09,1,0,0,0,701
-1.6591e-09,1,0,0,0,701
3.6953e-23,2,701,1,0,701
8.9592e-11,2,701,1,0,701
2.7549e-11,2,701,1,0,701
4.0934e-12,2,701,1,0,701
2.6792e-13,2,701,1,0,701
4.4246e-15,2,701,1,0,701
2.2814e-18,2,701,1,0,701
3.8497e-26,2,701,1,0,701
4.8738e-17,2,701,1,0,701
2.8127e-14,2,701,1,0,701
1.3593e-12,2,701,1,0,701
2.2151e-11,2,701,1,0,701
1.9449e-10,2,701,1,0,701
1.1415e-09,2,701,1,0,701
5.0332e-09,2,701,1,0,701
1.7886e-08,2,701,1,0,701
5.3577e-08,2,701,1,0,701
1.3937e-07,2,701,1,0,701
3.2112e-07,2,701,1,0,701
6.6345e-07,2,701,1,0,701
1.2359e-06,2,701,1,0,701
2.0709e-06,2,701,1,0,701
3.0728e-06,2,701,1,0,701
3.8533e-06,2,701,1,0,701
3.464e-06,2,701,1,0,701
-5.8905e-23,2,701,1,0,701
-9.9459e-06,2,701,1,0,701
-3.1982e-05,2,701,1,0,701
-7.4745e-05,2,701,1,0,701
-0.00015081,2,701,1,0,701
-0.00027757,2,701,1,0,701
-0.00047796,2,701,1,0,701
-0.00078078,2,701,1,0,701
-0.0012205,2,701,1,0,701
-0.0018361,2,701,1,0,701
-0.0026689,2,701,1,0,701
-0.0037588,2,701,1,0,701
-0.0051392,2,701,1,0,701
-0.0068303,2,701,1,0,701
-0.0088302,2,701,1,0,701
-0.011105,2,701,1,0,701
-0.01358,2,701,1,0,701
-0.016125,2,701,1,0,701
-0.018546,2,701,1,0,701
-0.020577,2,701,1,0,701
-0.021873,2,701,1,0,701
-0.022009,2,701,1,0,701
-0.020481,2,701,1,0,701
-0.01672,2,701,1,0,701
-0.010107,2,701,1,0,701
3.2955e-16,2,701,1,0,701
0.014235,2,701,1,0,701
0.033183,2,701,1,0,701
0.05733,2,701,1,0,701
0.087019,2,701,1,0,701
0.12239,2,701,1,0,701
0.16334,2,701,1,0,701
0.20948,2,701,1,0,701
0.26007,2,701,1,0,701
0.31403,2,701,1,0,701
0.36992,2,701,1,0,701
0.42595,2,701,1,0,701
0.48002,2,701,1,0,701
0.52976,2,701,1,0,701
0.5726,2,701,1,0,701
0.60589,2,701,1,0,701
0.62701,2,701,1,0,701
0.63344,2,701,1,0,701
0.62297,2,701,1,0,701
0.59377,2,701,1,0,701
0.54453,2,701,1,0,701
0.47458,2,701,1,0,701
0.38394,2,701,1,0,701
0.27343,2,701,1,0,701
0.14465,2,701,1,0,701
-8.278e-15,2,701,1,0,701
-0.15739,2,701,1,0,701
-0.32374,2,701,1,0,701
-0.49473,2,701,1,0,701
-0.66567,2,701,1,0,701
-0.83167,2,701,1,0,701
-0.9878,2,701,1,0,701
-1.1294,2,701,1,0,701
-1.252,2,701,1,0,701
-1.3519,2,701,1,0,701
-1.4261,2,701,1,0,701
-1.4724,2,701,1,0,701
-1.4894,2,701,1,0,701
-1.4769,2,701,1,0,701
-1.4357,2,701,1,0,701
-1.3673,2,701,1,0,701
-1.2745,2,701,1,0,701
-1.1605,2,701,1,0,701
-1.0292,2,701,1,0,701
-0.88493,2,701,1,0,701
-0.73237,2,701,1,0,701
-0.57617,2,701,1,0,701
-0.42083,2,701,1,0,701
-0.2706,2,701,1,0,701
-0.12925,2,701,1,0,701
1.0016e-14,2,701,1,0,701
0.11461,2,701,1,0,701
0.21272,2,701,1,0,701
0.29324,2,701,1,0,701
0.35576,2,701,1,0,701
0.40055,2,701,1,0,701
0.42845,2,701,1,0,701
0.44084,2,701,1,0,701
0.43944,2,701,1,0,701
0.42628,2,701,1,0,701
0.40355,2,701,1,0,701
0.37346,2,701,1,0,701
0.3382,2,701,1,0,701
0.29982,2,701,1,0,701
0.26017,2,701,1,0,701
0.22083,2,701,1,0,701
0.18312,2,701,1,0,701
0.14805,2,701,1,0,701
0.11634,2,701,1,0,701
0.088439,2,701,1,0,701
0.064554,2,701,1,0,701
0.044675,2,701,1,0,701
0.028624,2,701,1,0,701
0.016097,2,701,1,0,701
0.006703,2,701,1,0,701
2.1423e-17,2,701,1,0,701
-0.0044687,2,701,1,0,701
-0.0071498,2,701,1,0,701
-0.0084591,2,701,1,0,701
-0.0087668,2,701,1,0,701
-0.0083891,2,701,1,0,701
-0.0075854,2,701,1,0,701
-0.0065583,2,701,1,0,701
-0.0054585,2,701,1,0,701
-0.0043904,2,701,1,0,701
-0.0034203,2,701,1,0,701
-0.0025834,2,701,1,0,701
-0.0018924,2,701,1,0,701
-0.0013438,2,701,1,0,701
-0.00092399,2,701,1,0,701
-0.00061415,2,701,1,0,701
-0.00039363,2,701,1,0,701
-0.00024245,2,701,1,0,701
-0.00014284,2,701,1,0,701
-7.9964e-05,2,701,1,0,701
-4.2131e-05,2,701,1,0,701
-2.0577e-05,2,701,1,0,701
-9.0702e-06,2,701,1,0,701
-3.4087e-06,2,701,1,0,701
-9.1744e-07,2,701,1,0,701
1.098e-20,2,701,1,0,701
2.2623e-07,2,701,1,0,701
2.0418e-07,2,701,1,0,701
1.2796e-07,2,701,1,0,701
6.5098e-08,2,701,1,0,701
2.7852e-08,2,701,1,0,701
1.0015e-08,2,701,1,0,701
2.9618e-09,2,701,1,0,701
6.9036e-10,2,701,1,0,701
1.1787e-10,2,701,1,0,701
1.2967e-11,2,701,1,0,701
7.1882e-13,2,701,1,0,701
1.1427e-14,2,701,1,0,701
8.0763e-18,2,701,1,0,701
1.2705e-29,2,701,1,0,701
2.6644e-17,2,701,1,0,701
1.926e-14,2,701,1,0,701
9.3383e-13,2,701,1,0,701
1.4316e-11,2,701,1,0,701
1.1419e-10,2,701,1,0,701
5.9039e-10,2,701,1,0,701
2.2083e-09,2,701,1,0,701
6.2804e-09,2,701,1,0,701
1.3505e-08,2,701,1,0,701
1.9141e-08,2,701,1,0,701
-2.4747e-21,2,701,1,0,701
-1.1388e-07,2,701,1,0,701
-4.9277e-07,2,701,1,0,701
-1.4978e-06,2,701,1,0,701
-3.8209e-06,2,701,1,0,701
-8.6828e-06,2,701,1,0,701
-1.8092e-05,2,701,1,0,701
-3.5153e-05,2,701,1,0,701
-6.4398e-05,2,701,1,0,701
-0.00011208,2,701,1,0,701
-0.00018638,2,701,1,0,701
-0.00029733,2,701,1,0,701
-0.00045647,2,701,1,0,701
-0.00067594,2,701,1,0,701
-0.00096691,2,701,1,0,701
-0.0013372,2,701,1,0,701
-0.0017882,2,701,1,0,701
-0.0023102,2,701,1,0,701
-0.0028779,2,701,1,0,701
-0.0034442,2,701,1,0,701
-0.0039343,2,701,1,0,701
-0.0042394,2,701,1,0,701
-0.0042116,2,701,1,0,701
-0.00366,2,701,1,0,701
-0.0023489,2,701,1,0,701
2.317e-16,2,701,1,0,701
0.0037026,2,701,1,0,701
0.0091014,2,701,1,0,701
0.01655,2,701,1,0,701
0.026393,2,701,1,0,701
0.038938,2,701,1,0,701
0.054425,2,701,1,0,701
0.072995,2,701,1,0,701
0.09465,2,701,1,0,701
0.11922,2,701,1,0,701
0.14634,2,701,1,0,701
0.17539,2,701,1,0,701
0.20552,2,701,1,0,701
0.23563,2,701,1,0,701
0.26435,2,701,1,0,701
0.2901,2,701,1,0,701
0.31112,2,701,1,0,701
0.3255,2,701,1,0,701
0.3313,2,701,1,0,701
0.3266,2,701,1,0,701
0.30962,2,701,1,0,701
0.27879,2,701,1,0,701
0.23291,2,701,1,0,701
0.17121,2,701,1,0,701
0.093452,2,701,1,0,701
7.8655e-16,2,701,1,0,701
-0.10812,2,701,1,0,701
-0.22922,2,701,1,0,701
-0.36093,2,701,1,0,701
-0.50025,2,701,1,0,701
-0.64365,2,701,1,0,701
-0.78713,2,701,1,0,701
-0.92642,2,701,1,0,701
-1.0571,2,701,1,0,701
-1.1747,2,701,1,0,701
-1.2751,2,701,1,0,701
-1.3545,2,701,1,0,701
-1.4097,2,701,1,0,701
-1.4381,2,701,1,0,701
-1.4382,2,701,1,0,701
-1.4092,2,701,1,0,701
-1.3513,2,701,1,0,701
-1.2659,2,701,1,0,701
-1.1551,2,701,1,0,701
-1.0221,2,701,1,0,701
-0.87053,2,701,1,0,701
-0.70491,2,701,1,0,701
-0.53003,2,701,1,0,701
-0.35092,2,701,1,0,701
-0.17262,2,701,1,0,701
3.2827e-15,2,701,1,0,701
0.16247,2,701,1,0,701
0.31082,2,701,1,0,701
0.44177,2,701,1,0,701
0.5528,2,701,1,0,701
0.64219,2,701,1,0,701
0.70909,2,701,1,0,701
0.75345,2,701,1,0,701
0.77602,2,701,1,0,701
0.77822,2,701,1,0,701
0.76203,2,701,1,0,701
0.7299,2,701,1,0,701
0.68459,2,701,1,0,701
0.62901,2,701,1,0,701
0.56613,2,701,1,0,701
0.49882,2,701,1,0,701
0.42976,2,701,1,0,701
0.36132,2,701,1,0,701
0.29557,2,701,1,0,701
0.23415,2,701,1,0,701
0.17832,2,701,1,0,701
0.12891,2,701,1,0,701
0.086396,2,701,1,0,701
0.050895,2,701,1,0,701
0.022234,2,701,1,0,701
-8.9896e-16,2,701,1,0,701
-0.016398,2,701,1,0,701
-0.027675,2,701,1,0,701
-0.034609,2,701,1,0,701
-0.037999,2,701,1,0,701
-0.038617,2,701,1,0,701
-0.037182,2,701,1,0,701
-0.034332,2,701,1,0,701
-0.030613,2,701,1,0,701
-0.026472,2,701,1,0,701
-0.022255,2,701,1,0,701
-0.018217,2,701,1,0,701
-0.014528,2,701,1,0,701
-0.011289,2,701,1,0,701
-0.0085418,2,701,1,0,701
-0.0062873,2,701,1,0,701
-0.0044939,2,701,1,0,701
-0.0031112,2,701,1,0,701
-0.0020786,2,701,1,0,701
-0.001333,2,701,1,0,701
-0.00081376,2,701,1,0,701
-0.00046658,2,701,1,0,701
-0.00024511,2,701,1,0,701
-0.00011173,2,701,1,0,701
-3.7229e-05,2,701,1,0,701
1.789e-18,2,701,1,0,701
1.5203e-05,2,701,1,0,701
1.8552e-05,2,701,1,0,701
1.6404e-05,2,701,1,0,701
1.2417e-05,2,701,1,0,701
8.4537e-06,2,701,1,0,701
5.276e-06,2,701,1,0,701
3.04e-06,2,701,1,0,701
1.6182e-06,2,701,1,0,701
7.9295e-07,2,701,1,0,701
3.5503e-07,2,701,1,0,701
1.4361e-07,2,701,1,0,701
5.1627e-08,2,701,1,0,701
1.612e-08,2,701,1,0,701
4.2292e-09,2,701,1,0,701
8.8787e-10,2,701,1,0,701
1.3824e-10,2,701,1,0,701
1.4058e-11,2,701,1,0,701
7.3649e-13,2,701,1,0,701
1.1722e-14,2,701,1,0,701
1.0743e-17,2,701,1,0,701
2.1252e-35,2,701,1,0,701
4.7308e-18,2,701,1,0,701
3.5711e-15,2,701,1,0,701
1.0654e-13,2,701,1,0,701
-1.9431e-25,2,701,1,0,701
-1.785e-11,2,701,1,0,701
-2.1899e-10,2,701,1,0,701
-1.5077e-09,2,701,1,0,701
-7.4487e-09,2,701,1,0,701
-2.9251e-08,2,701,1,0,701
-9.6661e-08,2,701,1,0,701
-2.7872e-07,2,701,1,0,701
-7.1893e-07,2,701,1,0,701
-1.6889e-06,2,701,1,0,701
-3.6615e-06,2,701,1,0,701
-7.4004e-06,2,701,1,0,701
-1.4052e-05,2,701,1,0,701
-2.5217e-05,2,701,1,0,701
-4.2961e-05,2,701,1,0,701
-6.9707e-05,2,701,1,0,701
-0.00010794,2,701,1,0,701
-0.00015967,2,701,1,0,701
-0.00022548,2,701,1,0,701
-0.0003032,2,701,1,0,701
-0.00038611,2,701,1,0,701
-0.0004606,2,701,1,0,701
-0.00050342,2,701,1,0,701
-0.0004786,2,701,1,0,701
-0.00033434,2,701,1,0,701
7.152e-18,2,701,1,0,701
0.00061611,2,701,1,0,701
0.0016279,2,701,1,0,701
0.003171,2,701,1,0,701
0.0053998,2,701,1,0,701
0.0084819,2,701,1,0,701
0.012589,2,701,1,0,701
0.017886,2,701,1,0,701
0.024512,2,701,1,0,701
0.032564,2,701,1,0,701
0.042076,2,701,1,0,701
0.05299,2,701,1,0,701
0.06514,2,701,1,0,701
0.078225,2,701,1,0,701
0.091791,2,701,1,0,701
0.10522,2,701,1,0,701
0.11773,2,701,1,0,701
0.12835,2,701,1,0,701
0.13599,2,701,1,0,701
0.1394,2,701,1,0,701
0.1373,2,701,1,0,701
0.12833,2,701,1,0,701
0.1112,2,701,1,0,701
0.084715,2,701,1,0,701
0.047889,2,701,1,0,701
-8.3575e-15,2,701,1,0,701
-0.059315,2,701,1,0,701
-0.12999,2,701,1,0,701
-0.21148,2,701,1,0,701
-0.3027,2,701,1,0,701
-0.40202,2,701,1,0,701
-0.50727,2,701,1,0,701
-0.61578,2,701,1,0,701
-0.72443,2,701,1,0,701
-0.82975,2,701,1,0,701
-0.92804,2,701,1,0,701
-1.0155,2,701,1,0,701
-1.0884,2,701,1,0,701
-1.1433,2,701,1,0,701
-1.177,2,701,1,0,701
-1.187,2,701,1,0,701
-1.1715,2,701,1,0,701
-1.1293,2,701,1,0,701
-1.0603,2,701,1,0,701
-0.96519,2,701,1,0,701
-0.84575,2,701,1,0,701
-0.70455,2,701,1,0,701
-0.54501,2,701,1,0,701
-0.37123,2,701,1,0,701
-0.18788,2,701,1,0,701
1.3228e-14,2,701,1,0,701
0.18722,2,701,1,0,701
0.36861,2,701,1,0,701
0.53924,2,701,1,0,701
0.69463,2,701,1,0,701
0.83086,2,701,1,0,701
0.9448,2,701,1,0,701
1.0341,2,701,1,0,701
1.0975,2,701,1,0,701
1.1343,2,701,1,0,701
1.1452,2,701,1,0,701
1.1313,2,701,1,0,701
1.0948,2,701,1,0,701
1.0384,2,701,1,0,701
0.96511,2,701,1,0,701
0.87858,2,701,1,0,701
0.78247,2,701,1,0,701
0.68045,2,701,1,0,701
0.57609,2,701,1,0,701
0.47264,2,701,1,0,701
0.37303,2,701,1,0,701
0.27969,2,701,1,0,701
0.19457,2,701,1,0,701
0.11908,2,701,1,0,701
0.054093,2,701,1,0,701
7.5789e-16,2,701,1,0,701
-0.043273,2,701,1,0,701
-0.076186,2,701,1,0,701
-0.099515,2,701,1,0,701
-0.11428,2,701,1,0,701
-0.12164,2,701,1,0,701
-0.12285,2,701,1,0,701
-0.11919,2,701,1,0,701
-0.11187,2,701,1,0,701
-0.10202,2,701,1,0,701
-0.090645,2,701,1,0,701
-0.07859,2,701,1,0,701
-0.066549,2,701,1,0,701
-0.055051,2,701,1,0,701
-0.044476,2,701,1,0,701
-0.035064,2,701,1,0,701
-0.026937,2,701,1,0,701
-0.020119,2,701,1,0,701
-0.014562,2,701,1,0,701
-0.010162,2,701,1,0,701
-0.0067858,2,701,1,0,701
-0.0042796,2,701,1,0,701
-0.0024884,2,701,1,0,701
-0.0012642,2,701,1,0,701
-0.00047317,2,701,1,0,701
4.3394e-17,2,701,1,0,701
0.00025061,2,701,1,0,701
0.00035398,2,701,1,0,701
0.00036705,2,701,1,0,701
0.00033071,2,701,1,0,701
0.00027267,2,701,1,0,701
0.00021031,2,701,1,0,701
0.00015339,2,701,1,0,701
0.00010634,2,701,1,0,701
7.0235e-05,2,701,1,0,701
4.4206e-05,2,701,1,0,701
2.648e-05,2,701,1,0,701
1.5058e-05,2,701,1,0,701
8.0969e-06,2,701,1,0,701
4.0952e-06,2,701,1,0,701
1.9347e-06,2,701,1,0,701
8.46e-07,2,701,1,0,701
3.3833e-07,2,701,1,0,701
1.218e-07,2,701,1,0,701
3.8628e-08,2,701,1,0,701
1.0471e-08,2,701,1,0,701
2.3202e-09,2,701,1,0,701
3.917e-10,2,701,1,0,701
4.4451e-11,2,701,1,0,701
2.5381e-12,2,701,1,0,701
-6.0781e-27,2,701,1,0,701
-3.1599e-15,2,701,1,0,701
-9.6547e-18,2,701,1,0,701
-4.2762e-28,2,701,1,0,701
-2.6588e-18,2,701,1,0,701
-5.6026e-15,2,701,1,0,701
-4.4408e-13,2,701,1,0,701
-9.6045e-12,2,701,1,0,701
-1.0241e-10,2,701,1,0,701
-6.9729e-10,2,701,1,0,701
-3.4755e-09,2,701,1,0,701
-1.375e-08,2,701,1,0,701
-4.5478e-08,2,701,1,0,701
-1.3022e-07,2,701,1,0,701
-3.3077e-07,2,701,1,0,701
-7.5853e-07,2,701,1,0,701
-1.5903e-06,2,701,1,0,701
-3.0747e-06,2,701,1,0,701
-5.5124e-06,2,701,1,0,701
-9.1843e-06,2,701,1,0,701
-1.4195e-05,2,701,1,0,701
-2.0194e-05,2,701,1,0,701
-2.5923e-05,2,701,1,0,701
-2.8568e-05,2,701,1,0,701
-2.2869e-05,2,701,1,0,701
-1.6628e-18,3,1201,1,0,701
5.3751e-05,3,1201,1,0,701
0.00015843,3,1201,1,0,701
0.00034182,3,1201,1,0,701
0.00064069,3,1201,1,0,701
0.0011015,3,1201,1,0,701
0.0017802,3,1201,1,0,701
0.0027412,3,1201,1,0,701
0.0040548,3,1201,1,0,701
0.005792,3,1201,1,0,701
0.0080185,3,1201,1,0,701
0.010786,3,1201,1,0,701
0.01412,3,1201,1,0,701
0.01801,3,1201,1,0,701
0.022391,3,1201,1,0,701
0.027132,3,1201,1,0,701
0.032022,3,1201,1,0,701
0.036756,3,1201,1,0,701
0.040926,3,1201,1,0,701
0.044019,3,1201,1,0,701
0.045416,3,1201,1,0,701
0.044404,3,1201,1,0,701
0.040194,3,1201,1,0,701
0.031949,3,1201,1,0,701
0.018822,3,1201,1,0,701
-2.0519e-15,3,1201,1,0,701
-0.02524,3,1201,1,0,701
-0.057472,3,1201,1,0,701
-0.09706,3,1201,1,0,701
-0.1441,3,1201,1,0,701
-0.19836,3,1201,1,0,701
-0.25923,3,1201,1,0,701
-0.32571,3,1201,1,0,701
-0.39635,3,1201,1,0,701
-0.46932,3,1201,1,0,701
-0.54237,3,1201,1,0,701
-0.61292,3,1201,1,0,701
-0.67813,3,1201,1,0,701
-0.73499,3,1201,1,0,701
-0.78045,3,1201,1,0,701
-0.81154,3,1201,1,0,701
-0.8255,3,1201,1,0,701
-0.81996,3,1201,1,0,701
-0.79304,3,1201,1,0,701
-0.7435,3,1201,1,0,701
-0.67082,3,1201,1,0,701
-0.57529,3,1201,1,0,701
-0.45805,3,1201,1,0,701
-0.32109,3,1201,1,0,701
-0.16722,3,1201,1,0,701
1.3487e-15,3,1201,1,0,701
0.1764,3,1201,1,0,701
0.35731,3,1201,1,0,701
0.53776,3,1201,1,0,701
0.71265,3,1201,1,0,701
0.87696,3,1201,1,0,701
1.026,3,1201,1,0,701
1.1555,3,1201,1,0,701
1.2618,3,1201,1,0,701
1.3422,3,1201,1,0,701
1.3947,3,1201,1,0,701
1.4183,3,1201,1,0,701
1.4132,3,1201,1,0,701
1.3803,3,1201,1,0,701
1.3215,3,1201,1,0,701
1.2396,3,1201,1,0,701
1.1378,3,1201,1,0,701
1.0201,3,1201,1,0,701
0.89072,3,1201,1,0,701
0.75398,3,1201,1,0,701
0.61422,3,1201,1,0,701
0.47557,3,1201,1,0,701
0.3418,3,1201,1,0,701
0.21623,3,1201,1,0,701
0.10159,3,1201,1,0,701
-1.401e-14,3,1201,1,0,701
-0.087101,3,1201,1,0,701
-0.15892,3,1201,1,0,701
-0.21528,3,1201,1,0,701
-0.25658,3,1201,1,0,701
-0.28372,3,1201,1,0,701
-0.29795,3,1201,1,0,701
-0.30087,3,1201,1,0,701
-0.29423,3,1201,1,0,701
-0.2799,3,1201,1,0,701
-0.25973,3,1201,1,0,701
-0.23549,3,1201,1,0,701
-0.20884,3,1201,1,0,701
-0.1812,3,1201,1,0,701
-0.15379,3,1201,1,0,701
-0.12761,3,1201,1,0,701
-0.10337,3,1201,1,0,701
-0.081578,3,1201,1,0,701
-0.062528,3,1201,1,0,701
-0.046325,3,1201,1,0,701
-0.032925,3,1201,1,0,701
-0.022165,3,1201,1,0,701
-0.0138,3,1201,1,0,701
-0.007533,3,1201,1,0,701
-0.0030409,3,1201,1,0,701
1.0069e-16,4,1301,0,0,701
0.001265,4,1301,0,0,701
0.0019535,4,1301,0,0,701
0.002227,4,1301,0,0,701
0.0022197,4,1301,0,0,701
0.0020386,4,1301,0,0,701
0.0017651,4,1301,0,0,701
0.0014577,4,1301,0,0,701
0.0011556,4,1301,0,0,701
0.00088268,4,1301,0,0,701
0.00065076,4,1301,0,0,701
0.00046341,4,1301,0,0,701
0.00031867,4,1301,0,0,701
0.0002114,4,1301,0,0,701
0.00013506,4,1301,0,0,701
8.2895e-05,4,1301,0,0,701
4.8713e-05,4,1301,0,0,701
2.7285e-05,4,1301,0,0,701
1.448e-05,4,1301,0,0,701
7.2213e-06,4,1301,0,0,701
3.3454e-06,4,1301,0,0,701
1.4144e-06,4,1301,0,0,701
5.297e-07,4,1301,0,0,701
1.6531e-07,4,1301,0,0,701
3.592e-08,4,1301,0,0,701
3.3455e-22,4,1301,0,0,701
-5.1393e-09,4,1301,0,0,701
-3.2543e-09,4,1301,0,0,701
-1.3205e-09,4,1301,0,0,701
-3.8883e-10,4,1301,0,0,701
-8.174e-11,4,1301,0,0,701
-1.1199e-11,4,1301,0,0,701
-8.2066e-13,4,1301,0,0,701
-2.0596e-14,4,1301,0,0,701
-4.7182e-17,4,1301,0,0,701
-2.919e-25,4,1301,0,0,701
-1.4354e-18,4,1301,0,0,701
-4.1365e-15,4,1301,0,0,701
-3.2691e-13,4,1301,0,0,701
-6.6449e-12,4,1301,0,0,701
-6.5321e-11,4,1301,0,0,701
-4.0607e-10,4,1301,0,0,701
-1.833e-09,4,1301,0,0,701
-6.5035e-09,4,1301,0,0,701
-1.9027e-08,4,1301,0,0,701
-4.7211e-08,4,1301,0,0,701
-1.0062e-07,4,1301,0,0,701
-1.8326e-07,4,1301,0,0,701
-2.7427e-07,4,1301,0,0,701
-2.8772e-07,4,1301,0,0,701
6.6574e-20,4,1301,0,0,701
1.068e-06,4,1301,0,0,701
3.8262e-06,4,1301,0,0,701
9.8575e-06,4,1301,0,0,701
2.1725e-05,4,1301,0,0,701
4.3338e-05,4,1301,0,0,701
8.0332e-05,4,1301,0,0,701
0.00014043,4,1301,0,0,701
0.00023371,4,1301,0,0,701
0.00037262,4,1301,0,0,701
0.00057171,4,1301,0,0,701
0.00084686,4,1301,0,0,701
0.0012139,4,1301,0,0,701
0.0016866,4,1301,0,0,701
0.0022735,4,1301,0,0,701
0.0029744,4,1301,0,0,701
0.0037756,4,1301,0,0,701
0.0046448,4,1301,0,0,701
0.0055252,4,1301,0,0,701
0.0063301,4,1301,0,0,701
0.0069381,4,1301,0,0,701
0.0071884,4,1301,0,0,701
0.0068796,4,1301,0,0,701
0.0057694,4,1301,0,0,701
0.003579,4,1301,0,0,701
-1.3676e-16,4,1301,0,0,701
-0.0052932,4,1301,0,0,701
-0.012628,4,1301,0,0,701
-0.022311,4,1301,0,0,701
-0.034606,4,1301,0,0,701
-0.049706,4,1301,0,0,701
-0.067705,4,1301,0,0,701
-0.088564,4,1301,0,0,701
-0.11209,4,1301,0,0,701
-0.13791,4,1301,0,0,701
-0.16546,4,1301,0,0,701
-0.19396,4,1301,0,0,701
-0.22243,4,1301,0,0,701
-0.24971,4,1301,0,0,701
-0.27446,4,1301,0,0,701
-0.29522,4,1301,0,0,701
-0.31046,4,1301,0,0,701
-0.31864,4,1301,0,0,701
-0.31829,4,1301,0,0,701
-0.30804,4,1301,0,0,701
-0.28678,4,1301,0,0,701
-0.25368,4,1301,0,0,701
-0.20826,4,1301,0,0,701
-0.15048,4,1301,0,0,701
-0.080754,4,1301,0,0,701
1.473e-14,4,1301,0,0,701
0.090378,4,1301,0,0,701
0.1885,4,1301,0,0,701
0.29206,4,1301,0,0,701
0.39838,4,1301,0,0,701
0.50453,4,1301,0,0,701
0.6074,4,1301,0,0,701
0.70384,4,1301,0,0,701
0.79079,4,1301,0,0,701
0.86539,4,1301,0,0,701
0.92512,4,1301,0,0,701
0.96789,4,1301,0,0,701
0.99216,4,1301,0,0,701
0.997,4,1301,0,0,701
0.98213,4,1301,0,0,701
0.94793,4,1301,0,0,701
0.89544,4,1301,0,0,701
0.82631,4,1301,0,0,701
0.74272,4,1301,0,0,701
0.64731,4,1301,0,0,701
0.54305,4,1301,0,0,701
0.4331,4,1301,0,0,701
0.32072,4,1301,0,0,701
0.20911,4,1301,0,0,701
0.10129,4,1301,0,0,701
-8.3408e-15,4,1301,0,0,701
-0.0924,4,1301,0,0,701
-0.174,4,1301,0,0,701
-0.2434,4,1301,0,0,701
-0.29971,4,1301,0,0,701
-0.34255,4,1301,0,0,701
-0.37205,4,1301,0,0,701
-0.38879,4,1301,0,0,701
-0.39372,4,1301,0,0,701
-0.38812,4,1301,0,0,701
-0.37348,4,1301,0,0,701
-0.35145,4,1301,0,0,701
-0.32374,4,1301,0,0,701
-0.29205,4,1301,0,0,701
-0.25798,4,1301,0,0,701
-0.22301,4,1301,0,0,701
-0.18842,4,1301,0,0,701
-0.15528,4,1301,0,0,701
-0.12446,4,1301,0,0,701
-0.096554,4,1301,0,0,701
-0.071968,4,1301,0,0,701
-0.050893,4,1301,0,0,701
-0.033344,4,1301,0,0,701
-0.019189,4,1301,0,0,701
-0.0081835,4,1301,0,0,701
1.3586e-19,4,1301,0,0,701
0.0057384,4,1301,0,0,701
0.0094305,4,1301,0,0,701
0.011473,4,1301,0,0,701
0.012242,4,1301,0,0,701
0.012077,4,1301,0,0,701
0.011274,4,1301,0,0,701
0.010079,4,1301,0,0,701
0.0086895,4,1301,0,0,701
0.0072536,4,1301,0,0,701
0.0058767,4,1301,0,0,701
0.004627,4,1301,0,0,701
0.0035421,4,1301,0,0,701
0.0026361,4,1301,0,0,701
0.0019056,4,1301,0,0,701
0.0013364,4,1301,0,0,701
0.00090733,4,1301,0,0,701
0.00059465,4,1301,0,0,701
0.00037467,4,1301,0,0,701
0.00022564,4,1301,0,0,701
0.00012874,4,1301,0,0,701
6.8616e-05,4,1301,0,0,701
3.3303e-05,4,1301,0,0,701
1.3926e-05,4,1301,0,0,701
4.2229e-06,4,1301,0,0,701
-3.4662e-19,4,1301,0,0,701
-1.3863e-06,4,1301,0,0,701
-1.489e-06,4,1301,0,0,701
-1.1414e-06,4,1301,0,0,701
-7.3522e-07,4,1301,0,0,701
-4.1649e-07,4,1301,0,0,701
-2.1037e-07,4,1301,0,0,701
-9.4749e-08,4,1301,0,0,701
-3.7709e-08,4,1301,0,0,701
-1.3034e-08,4,1301,0,0,701
-3.8065e-09,4,1301,0,0,701
-9.0058e-10,4,1301,0,0,701
-1.6159e-10,4,1301,0,0,701
-1.9712e-11,4,1301,0,0,701
-1.3397e-12,4,1301,0,0,701
-3.322e-14,4,1301,0,0,701
-9.0797e-17,4,1301,0,0,701
-1.0662e-23,4,1301,0,0,701
-4.0707e-19,4,1301,0,0,701
-1.8156e-15,4,1301,0,0,701
-1.4467e-13,4,1301,0,0,701
-2.6414e-12,4,1301,0,0,701
-2.1417e-11,4,1301,0,0,701
-9.7311e-11,4,1301,0,0,701
-2.4212e-10,4,1301,0,0,701
5.2337e-23,4,1301,0,0,701
3.1846e-09,4,1301,0,0,701
1.8432e-08,4,1301,0,0,701
7.1495e-08,4,1301,0,0,701
2.2444e-07,4,1301,0,0,701
6.0993e-07,4,1301,0,0,701
1.4854e-06,4,1301,0,0,701
3.311e-06,4,1301,0,0,701
6.852e-06,4,1301,0,0,701
1.33e-05,4,1301,0,0,701
2.4398e-05,4,1301,0,0,701
4.2545e-05,4,1301,0,0,701
7.0832e-05,4,1301,0,0,701
0.00011297,4,1301,0,0,701
0.00017301,4,1301,0,0,701
0.00025484,4,1301,0,0,701
0.00036128,4,1301,0,0,701
0.00049282,4,1301,0,0,701
0.00064588,4,1301,0,0,701
0.00081058,4,1301,0,0,701
0.00096816,4,1301,0,0,701
0.001088,4,1301,0,0,701
0.0011246,4,1301,0,0,701
0.0010146,4,1301,0,0,701
0.00067475,4,1301,0,0,701
2.7517e-17,4,1301,0,0,701
-0.0011362,4,1301,0,0,701
-0.00288,4,1301,0,0,701
-0.0053932,4,1301,0,0,701
-0.0088461,4,1301,0,0,701
-0.013408,4,1301,0,0,701
-0.019233,4,1301,0,0,701
-0.026447,4,1301,0,0,701
-0.035128,4,1301,0,0,701
-0.045287,4,1301,0,0,701
-0.056848,4,1301,0,0,701
-0.06963,4,1301,0,0,701
-0.083329,4,1301,0,0,701
-0.097509,4,1301,0,0,701
-0.11159,4,1301,0,0,701
-0.12485,4,1301,0,0,701
-0.13643,4,1301,0,0,701
-0.14538,4,1301,0,0,701
-0.15065,4,1301,0,0,701
-0.15113,4,1301,0,0,701
-0.14574,4,1301,0,0,701
-0.13345,4,1301,0,0,701
-0.11334,4,1301,0,0,701
-0.084667,4,1301,0,0,701
-0.046951,4,1301,0,0,701
5.6293e-15,4,1301,0,0,701
0.056026,4,1301,0,0,701
0.12058,4,1301,0,0,701
0.1927,4,1301,0,0,701
0.27104,4,1301,0,0,701
0.35382,4,1301,0,0,701
0.43893,4,1301,0,0,701
0.52398,4,1301,0,0,701
0.60632,4,1301,0,0,701
0.68322,4,1301,0,0,701
0.75191,4,1301,0,0,701
0.80974,4,1301,0,0,701
0.85425,4,1301,0,0,701
0.88335,4,1301,0,0,701
0.89535,4,1301,0,0,701
0.88912,4,1301,0,0,701
0.86408,4,1301,0,0,701
0.82032,4,1301,0,0,701
0.75855,4,1301,0,0,701
0.68014,4,1301,0,0,701
0.58704,4,1301,0,0,701
0.48171,4,1301,0,0,701
0.36706,4,1301,0,0,701
0.24629,4,1301,0,0,701
0.12279,4,1301,0,0,701
-2.8406e-15,4,1301,0,0,701
-0.11871,4,1301,0,0,701
-0.23022,4,1301,0,0,701
-0.33171,4,1301,0,0,701
-0.42083,4,1301,0,0,701
-0.49571,4,1301,0,0,701
-0.55505,4,1301,0,0,701
-0.59817,4,1301,0,0,701
-0.62495,4,1301,0,0,701
-0.63584,4,1301,0,0,701
-0.63178,4,1301,0,0,701
-0.61417,4,1301,0,0,701
-0.58476,4,1301,0,0,701
-0.54555,4,1301,0,0,701
-0.49868,4,1301,0,0,701
-0.44636,4,1301,0,0,701
-0.39078,4,1301,0,0,701
-0.33396,4,1301,0,0,701
-0.27778,4,1301,0,0,701
-0.22384,4,1301,0,0,701
-0.17345,4,1301,0,0,701
-0.12764,4,1301,0,0,701
-0.087118,4,1301,0,0,701
-0.052288,4,1301,0,0,701
-0.023284,4,1301,0,0,701
3.3601e-15,4,1301,0,0,701
0.017874,4,1301,0,0,701
0.030801,4,1301,0,0,701
0.039358,4,1301,0,0,701
0.044184,4,1301,0,0,701
0.045948,4,1301,0,0,701
0.045306,4,1301,0,0,701
0.04288,4,1301,0,0,701
0.039229,4,1301,0,0,701
0.03484,4,1301,0,0,701
0.030116,4,1301,0,0,701
0.025377,4,1301,0,0,701
0.020862,4,1301,0,0,701
0.016734,4,1301,0,0,701
0.013092,4,1301,0,0,701
0.0099803,4,1301,0,0,701
0.0074022,4,1301,0,0,701
0.0053286,4,1301,0,0,701
0.0037103,4,1301,0,0,701
0.0024861,4,1301,0,0,701
0.0015902,4,1301,0,0,701
0.00095834,4,1301,0,0,701
0.00053102,4,1301,0,0,701
0.00025631,4,1301,0,0,701
9.0845e-05,4,1301,0,0,701
-4.913e-18,4,1301,0,0,701
-4.2641e-05,4,1301,0,0,701
-5.6314e-05,4,1301,0,0,701
-5.4305e-05,4,1301,0,0,701
-4.5228e-05,4,1301,0,0,701
-3.4231e-05,4,1301,0,0,701
-2.4044e-05,4,1301,0,0,701
-1.5821e-05,4,1301,0,0,701
-9.7896e-06,4,1301,0,0,701
-5.6979e-06,4,1301,0,0,701
-3.1129e-06,4,1301,0,0,701
-1.5894e-06,4,1301,0,0,701
-7.535e-07,4,1301,0,0,701
-3.2872e-07,4,1301,0,0,701
-1.3036e-07,4,1301,0,0,701
-4.6229e-08,4,1301,0,0,701
-1.4334e-08,4,1301,0,0,701
-3.7661e-09,4,1301,0,0,701
-8.0112e-10,4,1301,0,0,701
-1.2875e-10,4,1301,0,0,701
-1.3967e-11,4,1301,0,0,701
-8.3627e-13,4,1301,0,0,701
-1.8185e-14,4,1301,0,0,701
-4.6129e-17,4,1301,0,0,701
-2.3636e-23,4,1301,0,0,701
-1.6631e-34,4,1301,0,0,701
2.0832e-16,4,1301,0,0,701
4.5605e-14,4,1301,0,0,701
1.6285e-12,4,1301,0,0,701
2.3674e-11,4,1301,0,0,701
2.0015e-10,4,1301,0,0,701
1.1752e-09,4,1301,0,0,701
5.3032e-09,4,1301,0,0,701
1.9596e-08,4,1301,0,0,701
6.1844e-08,4,1301,0,0,701
1.7166e-07,4,1301,0,0,701
4.2805e-07,4,1301,0,0,701
9.7402e-07,4,1301,0,0,701
2.0464e-06,4,1301,0,0,701
4.0048e-06,4,1301,0,0,701
7.3489e-06,4,1301,0,0,701
1.2703e-05,4,1301,0,0,701
2.0747e-05,4,1301,0,0,701
3.2045e-05,4,1301,0,0,701
4.6758e-05,4,1301,0,0,701
6.4164e-05,4,1301,0,0,701
8.1986e-05,4,1301,0,0,701
9.5474e-05,4,1301,0,0,701
9.6262e-05,4,1301,0,0,701
7.1024e-05,4,1301,0,0,701
-1.358e-17,4,1301,0,0,701
-0.00014447,4,1301,0,0,701
-0.00039921,4,1301,0,0,701
-0.00081114,4,1301,0,0,701
-0.0014374,4,1301,0,0,701
-0.0023445,4,1301,0,0,701
-0.0036064,4,1301,0,0,701
-0.0053007,4,1301,0,0,701
-0.007503,4,1301,0,0,701
-0.01028,4,1301,0,0,701
-0.01368,4,1301,0,0,701
-0.017721,4,1301,0,0,701
-0.022383,4,1301,0,0,701
-0.027587,4,1301,0,0,701
-0.033192,4,1301,0,0,701
-0.038978,4,1301,0,0,701
-0.044637,4,1301,0,0,701
-0.049773,4,1301,0,0,701
-0.053895,4,1301,0,0,701
-0.056429,4,1301,0,0,701
-0.056727,4,1301,0,0,701
-0.054086,4,1301,0,0,701
-0.047782,4,1301,0,0,701
-0.037095,4,1301,0,0,701
-0.021359,4,1301,0,0,701
1.1389e-15,4,1301,0,0,701
0.02741,4,1301,0,0,701
0.061109,4,1301,0,0,701
0.1011,4,1301,0,0,701
0.14711,4,1301,0,0,701
0.19855,4,1301,0,0,701
0.25454,4,1301,0,0,701
0.31384,4,1301,0,0,701
0.37492,4,1301,0,0,701
0.43596,4,1301,0,0,701
0.49491,4,1301,0,0,701
0.54957,4,1301,0,0,701
0.59764,4,1301,0,0,701
0.63683,4,1301,0,0,701
0.66498,4,1301,0,0,701
0.68011,4,1301,0,0,701
0.6806,4,1301,0,0,701
0.66519,4,1301,0,0,701
0.63315,4,1301,0,0,701
0.58427,4,1301,0,0,701
0.51894,4,1301,0,0,701
0.43816,4,1301,0,0,701
0.34351,4,1301,0,0,701
0.23712,4,1301,0,0,701
0.12162,4,1301,0,0,701
-2.3138e-14,4,1301,0,0,701
-0.12445,4,1301,0,0,701
-0.24831,4,1301,0,0,701
-0.36811,4,1301,0,0,701
-0.48054,4,1301,0,0,701
-0.5825,4,1301,0,0,701
-0.67131,4,1301,0,0,701
-0.74472,4,1301,0,0,701
-0.80106,4,1301,0,0,701
-0.83928,4,1301,0,0,701
-0.85896,4,1301,0,0,701
-0.86032,4,1301,0,0,701
-0.84417,4,1301,0,0,701
-0.8119,4,1301,0,0,701
-0.76534,4,1301,0,0,701
-0.70674,4,1301,0,0,701
-0.63857,4,1301,0,0,701
-0.56349,4,1301,0,0,701
-0.48417,4,1301,0,0,701
-0.40323,4,1301,0,0,701
-0.32313,4,1301,0,0,701
-0.24606,4,1301,0,0,701
-0.17389,4,1301,0,0,701
-0.10814,4,1301,0,0,701
-0.049931,4,1301,0,0,701
4.6292e-15,4,1301,0,0,701
0.041309,4,1301,0,0,701
0.074002,4,1301,0,0,701
0.098395,4,1301,0,0,701
0.11506,4,1301,0,0,701
0.12478,4,1301,0,0,701
0.12846,4,1301,0,0,701
0.12711,4,1301,0,0,701
0.12174,4,1301,0,0,701
0.11336,4,1301,0,0,701
0.1029,4,1301,0,0,701
0.091219,4,1301,0,0,701
0.079035,4,1301,0,0,701
0.066952,4,1301,0,0,701
0.05544,4,1301,0,0,701
0.04484,4,1301,0,0,701
0.035375,4,1301,0,0,701
0.027164,4,1301,0,0,701
0.020238,4,1301,0,0,701
0.014557,4,1301,0,0,701
0.010033,4,1301,0,0,701
0.0065414,4,1301,0,0,701
0.0039387,4,1301,0,0,701
0.002076,4,1301,0,0,701
0.00080783,4,1301,0,0,701
-9.6632e-18,4,1301,0,0,701
-0.00046572,4,1301,0,0,701
-0.00068909,4,1301,0,0,701
-0.00075082,4,1301,0,0,701
-0.00071333,4,1301,0,0,701
-0.0006226,4,1301,0,0,701
-0.00051059,4,1301,0,0,701
-0.00039792,4,1301,0,0,701
-0.00029646,4,1301,0,0,701
-0.00021181,4,1301,0,0,701
-0.00014529,4,1301,0,0,701
-9.5685e-05,4,1301,0,0,701
-6.0435e-05,4,1301,0,0,701
-3.6534e-05,4,1301,0,0,701
-2.1076e-05,4,1301,0,0,701
-1.1556e-05,4,1301,0,0,701
-5.9909e-06,4,1301,0,0,701
-2.9165e-06,4,1301,0,0,701
-1.3213e-06,4,1301,0,0,701
-5.5045e-07,4,1301,0,0,701
-2.0738e-07,4,1301,0,0,701
-6.8958e-08,4,1301,0,0,701
-1.9461e-08,4,1301,0,0,701
-4.3289e-09,4,1301,0,0,701
-6.223e-10,4,1301,0,0,701
2.3079e-23,4,1301,0,0,701
2.732e-11,4,1301,0,0,701
7.0857e-12,4,1301,0,0,701
8.0874e-13,4,1301,0,0,701
3.3266e-14,4,1301,0,0,701
1.9448e-16,4,1301,0,0,701
1.082e-21,4,1301,0,0,701
3.6541e-20,4,1301,0,0,701
8.5951e-16,4,1301,0,0,701
1.2253e-13,4,1301,0,0,701
3.3786e-12,4,1301,0,0,701
4.0655e-11,4,1301,0,0,701
2.9515e-10,4,1301,0,0,701
1.5203e-09,4,1301,0,0,701
6.0951e-09,4,1301,0,0,701
2.0145e-08,4,1301,0,0,701
5.6991e-08,4,1301,0,0,701
1.4155e-07,4,1301,0,0,701
3.1393e-07,4,1301,0,0,701
6.2809e-07,4,1301,0,0,701
1.1384e-06,4,1301,0,0,701
1.8629e-06,4,1301,0,0,701
2.7077e-06,4,1301,0,0,701
3.3341e-06,4,1301,0,0,701
2.9492e-06,4,1301,0,0,701
-3.5232e-19,4,1301,0,0,701
-8.2378e-06,4,1301,0,0,701
-2.6177e-05,4,1301,0,0,701
-6.0524e-05,4,1301,0,0,701
-0.00012092,4,1301,0,0,701
-0.00022054,4,1301,0,0,701
-0.00037657,4,1301,0,0,701
-0.00061039,4,1301,0,0,701
-0.00094726,4,1301,0,0,701
-0.0014154,4,1301,0,0,701
-0.0020444,4,1301,0,0,701
-0.0028623,4,1301,0,0,701
-0.0038916,4,1301,0,0,701
-0.0051449,4,1301,0,0,701
-0.0066181,4,1301,0,0,701
-0.008284,4,1301,0,0,701
-0.010084,4,1301,0,0,701
-0.011923,4,1301,0,0,701
-0.013657,4,1301,0,0,701
-0.015093,4,1301,0,0,701
-0.015984,4,1301,0,0,701
-0.016025,4,1301,0,0,701
-0.014861,4,1301,0,0,701
-0.012092,4,1301,0,0,701
-0.0072862,4,1301,0,0,701
-1.3507e-16,4,1301,0,0,701
0.0102,4,1301,0,0,701
0.023707,4,1301,0,0,701
0.040844,4,1301,0,0,701
0.061826,4,1301,0,0,701
0.086728,4,1301,0,0,701
0.11545,4,1301,0,0,701
0.14769,4,1301,0,0,701
0.1829,4,1301,0,0,701
0.22033,4,1301,0,0,701
0.25894,4,1301,0,0,701
0.29748,4,1301,0,0,701
0.33449,4,1301,0,0,701
0.36834,4,1301,0,0,701
0.39727,4,1301,0,0,701
0.41949,4,1301,0,0,701
0.4332,4,1301,0,0,701
0.43676,4,1301,0,0,701
0.42868,4,1301,0,0,701
0.40777,4,1301,0,0,701
0.37323,4,1301,0,0,701
0.32465,4,1301,0,0,701
0.26215,4,1301,0,0,701
0.18634,4,1301,0,0,701
0.098394,4,1301,0,0,701
-1.2847e-14,4,1301,0,0,701
-0.10667,4,1301,0,0,701
-0.219,4,1301,0,0,701
-0.33407,4,1301,0,0,701
-0.44869,4,1301,0,0,701
-0.55957,4,1301,0,0,701
-0.66344,4,1301,0,0,701
-0.75716,4,1301,0,0,701
-0.83789,4,1301,0,0,701
-0.90318,4,1301,0,0,701
-0.95105,4,1301,0,0,701
-0.98015,4,1301,0,0,701
-0.98972,4,1301,0,0,701
-0.97969,4,1301,0,0,701
-0.95064,4,1301,0,0,701
-0.90379,4,1301,0,0,701
-0.84092,4,1301,0,0,701
-0.7643,4,1301,0,0,701
-0.67659,4,1301,0,0,701
-0.58071,4,1301,0,0,701
-0.47972,4,1301,0,0,701
-0.37671,4,1301,0,0,701
-0.27463,4,1301,0,0,701
-0.17626,4,1301,0,0,701
-0.084031,4,1301,0,0,701
3.0966e-15,4,1301,0,0,701
0.074221,4,1301,0,0,701
0.13749,4,1301,0,0,701
0.18916,4,1301,0,0,701
0.22902,4,1301,0,0,701
0.25732,4,1301,0,0,701
0.27467,4,1301,0,0,701
0.282,4,1301,0,0,701
0.2805,4,1301,0,0,701
0.2715,4,1301,0,0,701
0.25643,4,1301,0,0,701
0.23677,4,1301,0,0,701
0.21391,4,1301,0,0,701
0.18917,4,1301,0,0,701
0.16375,4,1301,0,0,701
0.13863,4,1301,0,0,701
0.11466,4,1301,0,0,701
0.092448,4,1301,0,0,701
0.072446,4,1301,0,0,701
0.054915,4,1301,0,0,701
0.039965,4,1301,0,0,701
0.027574,4,1301,0,0,701
0.017611,4,1301,0,0,701
0.0098716,4,1301,0,0,701
0.0040965,4,1301,0,0,701
-6.0196e-16,4,1301,0,0,701
-0.0027113,4,1301,0,0,701
-0.0043214,4,1301,0,0,701
-0.0050921,4,1301,0,0,701
-0.0052551,4,1301,0,0,701
-0.0050065,4,1301,0,0,701
-0.0045058,4,1301,0,0,701
-0.0038766,4,1301,0,0,701
-0.0032098,4,1301,0,0,701
-0.0025677,4,1301,0,0,701
-0.0019887,4,1301,0,0,701
-0.0014928,4,1301,0,0,701
-0.0010863,4,1301,0,0,701
-0.00076596,4,1301,0,0,701
-0.0005227,4,1301,0,0,701
-0.0003446,4,1301,0,0,701
-0.00021892,4,1301,0,0,701
-0.00013355,4,1301,0,0,701
-7.7864e-05,4,1301,0,0,701
-4.3094e-05,4,1301,0,0,701
-2.2421e-05,4,1301,0,0,701
-1.0799e-05,4,1301,0,0,701
-4.6866e-06,4,1301,0,0,701
-1.7308e-06,4,1301,0,0,701
-4.5674e-07,4,1301,0,0,701
2.1373e-20,4,1301,0,0,701
1.0729e-07,4,1301,0,0,701
9.3945e-08,4,1301,0,0,701
5.68e-08,4,1301,0,0,701
2.7677e-08,4,1301,0,0,701
1.1232e-08,4,1301,0,0,701
3.779e-09,4,1301,0,0,701
1.0255e-09,4,1301,0,0,701
2.1285e-10,4,1301,0,0,701
3.0811e-11,4,1301,0,0,701
2.63e-12,4,1301,0,0,701
9.3789e-14,4,1301,0,0,701
5.7068e-16,4,1301,0,0,701
9.0992e-21,4,1301,0,0,701
1.0761e-20,4,1301,0,0,701
5.7815e-16,4,1301,0,0,701
8.9623e-14,4,1301,0,0,701
2.3968e-12,4,1301,0,0,701
2.6777e-11,4,1301,0,0,701
1.7546e-10,4,1301,0,0,701
7.9334e-10,4,1301,0,0,701
2.692e-09,4,1301,0,0,701
7.11e-09,4,1301,0,0,701
1.4425e-08,4,1301,0,0,701
1.9506e-08,4,1301,0,0,701
-3.7443e-22,4,1301,0,0,701
-1.0807e-07,4,1301,0,0,701
-4.5482e-07,4,1301,0,0,701
-1.3498e-06,4,1301,0,0,701
-3.3721e-06,4,1301,0,0,701
-7.5233e-06,4,1301,0,0,701
-1.5422e-05,4,1301,0,0,701
-2.9531e-05,4,1301,0,0,701
-5.3391e-05,4,1301,0,0,701
-9.1824e-05,4,1301,0,0,701
-0.00015104,4,1301,0,0,701
-0.00023857,4,1301,0,0,701
-0.00036293,4,1301,0,0,701
-0.0005329,4,1301,0,0,701
-0.00075636,4,1301,0,0,701
-0.0010384,4,1301,0,0,701
-0.0013792,4,1301,0,0,701
-0.0017706,4,1301,0,0,701
-0.0021925,4,1301,0,0,701
-0.0026092,4,1301,0,0,701
-0.0029647,4,1301,0,0,701
-0.0031786,4,1301,0,0,701
-0.0031428,4,1301,0,0,701
-0.0027188,4,1301,0,0,701
-0.0017374,4,1301,0,0,701
3.243e-16,4,1301,0,0,701
0.0027167,4,1301,0,0,701
0.0066528,4,1301,0,0,701
0.012054,4,1301,0,0,701
0.019156,4,1301,0,0,701
0.028167,4,1301,0,0,701
0.039244,4,1301,0,0,701
0.052471,4,1301,0,0,701
0.067834,4,1301,0,0,701
0.085196,4,1301,0,0,701
0.10428,4,1301,0,0,701
0.12464,4,1301,0,0,701
0.14566,4,1301,0,0,701
0.16657,4,1301,0,0,701
0.18641,4,1301,0,0,701
0.20407,4,1301,0,0,701
0.21833,4,1301,0,0,701
0.22789,4,1301,0,0,701
0.23142,4,1301,0,0,701
0.22763,4,1301,0,0,701
0.21531,4,1301,0,0,701
0.19346,4,1301,0,0,701
0.16128,4,1301,0,0,701
0.11831,4,1301,0,0,701
0.064446,4,1301,0,0,701
-4.3395e-15,4,1301,0,0,701
-0.074266,4,1301,0,0,701
-0.15714,4,1301,0,0,701
-0.24694,4,1301,0,0,701
-0.34161,4,1301,0,0,701
-0.4387,4,1301,0,0,701
-0.5355,4,1301,0,0,701
-0.62909,4,1301,0,0,701
-0.7165,4,1301,0,0,701
-0.79477,4,1301,0,0,701
-0.86114,4,1301,0,0,701
-0.91311,4,1301,0,0,701
-0.9486,4,1301,0,0,701
-0.96601,4,1301,0,0,701
-0.96434,4,1301,0,0,701
-0.94321,4,1301,0,0,701
-0.90289,4,1301,0,0,701
-0.84433,4,1301,0,0,701
-0.76908,4,1301,0,0,701
-0.67928,4,1301,0,0,701
-0.57754,4,1301,0,0,701
-0.46683,4,1301,0,0,701
-0.35039,4,1301,0,0,701
-0.23157,4,1301,0,0,701
-0.11371,4,1301,0,0,701
2.2436e-14,4,1301,0,0,701
0.10663,4,1301,0,0,701
0.20363,4,1301,0,0,701
0.28888,4,1301,0,0,701
0.36081,4,1301,0,0,701
0.41837,4,1301,0,0,701
0.46107,4,1301,0,0,701
0.48898,4,1301,0,0,701
0.50265,4,1301,0,0,701
0.50308,4,1301,0,0,701
0.49163,4,1301,0,0,701
0.46995,4,1301,0,0,701
0.43986,4,1301,0,0,701
0.40331,4,1301,0,0,701
0.36222,4,1301,0,0,701
0.31846,4,1301,0,0,701
0.27376,4,1301,0,0,701
0.22965,4,1301,0,0,701
0.18742,4,1301,0,0,701
0.14813,4,1301,0,0,701
0.11253,4,1301,0,0,701
0.081151,4,1301,0,0,701
0.054249,4,1301,0,0,701
0.031874,4,1301,0,0,701
0.013887,4,1301,0,0,701
-1.3997e-15,4,1301,0,0,701
-0.010185,4,1301,0,0,701
-0.017138,4,1301,0,0,701
-0.021366,4,1301,0,0,701
-0.023385,4,1301,0,0,701
-0.023688,4,1301,0,0,701
-0.02273,4,1301,0,0,701
-0.020914,4,1301,0,0,701
-0.01858,4,1301,0,0,701
-0.016005,4,1301,0,0,701
-0.013401,4,1301,0,0,701
-0.010923,4,1301,0,0,701
-0.0086731,4,1301,0,0,701
-0.006708,4,1301,0,0,701
-0.0050511,4,1301,0,0,701
-0.0036988,4,1301,0,0,701
-0.0026294,4,1301,0,0,701
-0.0018098,4,1301,0,0,701
-0.0012017,4,1301,0,0,701
-0.00076561,4,1301,0,0,701
-0.00046412,4,1301,0,0,701
-0.00026411,4,1301,0,0,701
-0.00013762,4,1301,0,0,701
-6.2183e-05,4,1301,0,0,701
-2.0524e-05,4,1301,0,0,701
4.1129e-19,4,1301,0,0,701
8.2012e-06,4,1301,0,0,701
9.8831e-06,4,1301,0,0,701
8.619e-06,4,1301,0,0,701
6.4244e-06,4,1301,0,0,701
4.2988e-06,4,1301,0,0,701
2.631e-06,4,1301,0,0,701
1.4825e-06,4,1301,0,0,701
7.6917e-07,4,1301,0,0,701
3.6579e-07,4,1301,0,0,701
1.5809e-07,4,1301,0,0,701
6.1287e-08,4,1301,0,0,701
2.0917e-08,4,1301,0,0,701
6.1188e-09,4,1301,0,0,701
1.4757e-09,4,1301,0,0,701
2.7668e-10,4,1301,0,0,701
3.6707e-11,4,1301,0,0,701
2.9236e-12,4,1301,0,0,701
1.0069e-13,4,1301,0,0,701
6.5751e-16,4,1301,0,0,701
2.3791e-20,4,1301,0,0,701
9.4742e-22,4,1301,0,0,701
1.2994e-16,4,1301,0,0,701
1.7836e-14,4,1301,0,0,701
2.8283e-13,4,1301,0,0,701
1.9945e-25,4,1301,0,0,701
-2.7785e-11,4,1301,0,0,701
-2.9696e-10,4,1301,0,0,701
-1.8504e-09,4,1301,0,0,701
-8.4768e-09,4,1301,0,0,701
-3.1374e-08,4,1301,0,0,701
-9.8841e-08,4,1301,0,0,701
-2.7401e-07,4,1301,0,0,701
-6.8387e-07,4,1301,0,0,701
-1.562e-06,4,1301,0,0,701
-3.3055e-06,4,1301,0,0,701
-6.5414e-06,4,1301,0,0,701
-1.2193e-05,4,1301,0,0,701
-2.1522e-05,4,1301,0,0,701
-3.613e-05,4,1301,0,0,701
-5.785e-05,4,1301,0,0,701
-8.8514e-05,4,1301,0,0,701
-0.0001295,4,1301,0,0,701
-0.00018105,4,1301,0,0,701
-0.00024123,4,1301,0,0,701
-0.0003046,4,1301,0,0,701
-0.00036052,4,1301,0,0,701
-0.00039116,4,1301,0,0,701
-0.00036934,4,1301,0,0,701
-0.00025636,4,1301,0,0,701
1.0894e-16,4,1301,0,0,701
0.00046695,4,1301,0,0,701
0.0012272,4,1301,0,0,701
0.0023785,4,1301,0,0,701
0.0040309,4,1301,0,0,701
0.006303,4,1301,0,0,701
0.0093149,4,1301,0,0,701
0.013179,4,1301,0,0,701
0.017991,4,1301,0,0,701
0.023811,4,1301,0,0,701
0.030654,4,1301,0,0,701
0.038471,4,1301,0,0,701
0.047134,4,1301,0,0,701
0.056419,4,1301,0,0,701
0.065999,4,1301,0,0,701
0.075428,4,1301,0,0,701
0.084146,4,1301,0,0,701
0.09148,4,1301,0,0,701
0.096658,4,1301,0,0,701
0.098825,4,1301,0,0,701
0.09708,4,1301,0,0,701
0.09051,4,1301,0,0,701
0.078234,4,1301,0,0,701
0.05946,4,1301,0,0,701
0.033534,4,1301,0,0,701
-8.4666e-15,4,1301,0,0,701
-0.041347,4,1301,0,0,701
-0.090415,4,1301,0,0,701
-0.14678,4,1301,0,0,701
-0.20964,4,1301,0,0,701
-0.27785,4,1301,0,0,701
-0.34988,4,1301,0,0,701
-0.42386,4,1301,0,0,701
-0.49766,4,1301,0,0,701
-0.56889,4,1301,0,0,701
-0.63505,4,1301,0,0,701
-0.69358,4,1301,0,0,701
-0.74198,4,1301,0,0,701
-0.77793,4,1301,0,0,701
-0.79939,4,1301,0,0,701
-0.80471,4,1301,0,0,701
-0.79271,4,1301,0,0,701
-0.76277,4,1301,0,0,701
-0.71486,4,1301,0,0,701
-0.64959,4,1301,0,0,701
-0.56819,4,1301,0,0,701
-0.47249,4,1301,0,0,701
-0.36485,4,1301,0,0,701
-0.24807,4,1301,0,0,701
-0.12533,4,1301,0,0,701
1.7617e-14,4,1301,0,0,701
0.12445,4,1301,0,0,701
0.24458,4,1301,0,0,701
0.35717,4,1301,0,0,701
0.45927,4,1301,0,0,701
0.54836,4,1301,0,0,701
0.62244,4,1301,0,0,701
0.68006,4,1301,0,0,701
0.7204,4,1301,0,0,701
0.74324,4,1301,0,0,701
0.74897,4,1301,0,0,701
0.73854,4,1301,0,0,701
0.71336,4,1301,0,0,701
0.67528,4,1301,0,0,701
0.62643,4,1301,0,0,701
0.56917,4,1301,0,0,701
0.5059,4,1301,0,0,701
0.43907,4,1301,0,0,701
0.37097,4,1301,0,0,701
0.30373,4,1301,0,0,701
0.23922,4,1301,0,0,701
0.17898,4,1301,0,0,701
0.12424,4,1301,0,0,701
0.075866,4,1301,0,0,701
0.034386,4,1301,0,0,701
-1.6849e-15,4,1301,0,0,701
-0.02738,4,1301,0,0,701
-0.048088,4,1301,0,0,701
-0.062659,4,1301,0,0,701
-0.071769,4,1301,0,0,701
-0.076194,4,1301,0,0,701
-0.07675,4,1301,0,0,701
-0.074256,4,1301,0,0,701
-0.069498,4,1301,0,0,701
-0.063193,4,1301,0,0,701
-0.055975,4,1301,0,0,701
-0.048378,4,1301,0,0,701
-0.040832,4,1301,0,0,701
-0.033663,4,1301,0,0,701
-0.027101,4,1301,0,0,701
-0.021288,4,1301,0,0,701
-0.016291,4,1301,0,0,701
-0.012119,4,1301,0,0,701
-0.0087346,4,1301,0,0,701
-0.0060691,4,1301,0,0,701
-0.0040339,4,1301,0,0,701
-0.0025317,4,1301,0,0,701
-0.0014645,4,1301,0,0,701
-0.00073999,4,1301,0,0,701
-0.00027538,4,1301,0,0,701
-6.2682e-18,4,1301,0,0,701
0.00014402,4,1301,0,0,701
0.00020201,4,1301,0,0,701
0.0002079,4,1301,0,0,701
0.00018581,4,1301,0,0,701
0.00015187,4,1301,0,0,701
0.00011604,4,1301,0,0,701
8.376e-05,4,1301,0,0,701
5.7417e-05,4,1301,0,0,701
3.7455e-05,4,1301,0,0,701
2.3253e-05,4,1301,0,0,701
1.3718e-05,4,1301,0,0,701
7.6682e-06,4,1301,0,0,701
4.0443e-06,4,1301,0,0,701
2.0009e-06,4,1301,0,0,701
9.2162e-07,4,1301,0,0,701
3.9126e-07,4,1301,0,0,701
1.5111e-07,4,1301,0,0,701
5.2172e-08,4,1301,0,0,701
1.5722e-08,4,1301,0,0,701
3.9977e-09,4,1301,0,0,701
8.1576e-10,4,1301,0,0,701
1.2334e-10,4,1301,0,0,701
1.1983e-11,4,1301,0,0,701
5.4074e-13,4,1301,0,0,701
-7.4668e-27,4,1301,0,0,701
-1.971e-16,4,1301,0,0,701
-3.682e-20,4,1301,0,0,701
-9.0898e-23,4,1301,0,0,701
-9.5692e-17,4,1301,0,0,701
-3.0197e-14,4,1301,0,0,701
-1.2214e-12,4,1301,0,0,701
-1.87e-11,4,1301,0,0,701
-1.6154e-10,4,1301,0,0,701
-9.5442e-10,4,1301,0,0,701
-4.2952e-09,4,1301,0,0,701
-1.5732e-08,4,1301,0,0,701
-4.8986e-08,4,1301,0,0,701
-1.3361e-07,4,1301,0,0,701
-3.2612e-07,4,1301,0,0,701
-7.233e-07,4,1301,0,0,701
-1.4739e-06,4,1301,0,0,701
-2.7808e-06,4,1301,0,0,701
-4.8803e-06,4,1301,0,0,701
-7.9801e-06,4,1301,0,0,701
-1.2131e-05,4,1301,0,0,701
-1.7002e-05,4,1301,0,0,701
-2.1536e-05,4,1301,0,0,701
-2.3447e-05,4,1301,0,0,701
-1.8564e-05,4,1301,0,0,701
7.1299e-18,4,1301,0,0,701
4.2796e-05,4,1301,0,0,701
0.00012506,4,1301,0,0,701
0.00026771,4,1301,0,0,701
0.00049809,4,1301,0,0,701
0.00085045,4,1301,0,0,701
0.0013657,4,1301,0,0,701
0.0020903,4,1301,0,0,701
0.0030744,4,1301,0,0,701
0.0043682,4,1301,0,0,701
0.0060168,4,1301,0,0,701
0.0080546,4,1301,0,0,701
0.010497,4,1301,0,0,701
0.01333,4,1301,0,0,701
0.016504,4,1301,0,0,701
0.01992,4,1301,0,0,701
0.023421,4,1301,0,0,701
0.026786,4,1301,0,0,701
0.029721,4,1301,0,0,701
0.031859,4,1301,0,0,701
0.032764,4,1301,0,0,701
0.031934,4,1301,0,0,701
0.02882,4,1301,0,0,701
0.022841,4,1301,0,0,701
0.013418,4,1301,0,0,701
-2.5529e-15,4,1301,0,0,701
-0.017896,4,1301,0,0,701
-0.040645,4,1301,0,0,701
-0.06847,4,1301,0,0,701
-0.1014,4,1301,0,0,701
-0.13925,4,1301,0,0,701
-0.18156,4,1301,0,0,701
-0.22759,4,1301,0,0,701
-0.27633,4,1301,0,0,701
-0.32649,4,1301,0,0,701
-0.37649,4,1301,0,0,701
-0.42456,4,1301,0,0,701
-0.46875,4,1301,0,0,701
-0.50702,4,1301,0,0,701
-0.53729,4,1301,0,0,701
-0.55758,4,1301,0,0,701
-0.56607,4,1301,0,0,701
-0.56118,4,1301,0,0,701
-0.54172,4,1301,0,0,701
-0.50692,4,1301,0,0,701
-0.45651,4,1301,0,0,701
-0.39077,4,1301,0,0,701
-0.31056,4,1301,0,0,701
-0.2173,4,1301,0,0,701
-0.11297,4,1301,0,0,701
9.0785e-15,4,1301,0,0,701
0.11874,4,1301,0,0,701
0.24008,4,1301,0,0,701
0.36068,4,1301,0,0,701
0.47713,4,1301,0,0,701
0.58611,4,1301,0,0,701
0.6845,4,1301,0,0,701
0.76951,4,1301,0,0,701
0.83884,4,1301,0,0,701
0.89069,4,1301,0,0,701
0.92388,4,1301,0,0,701
0.93788,4,1301,0,0,701
0.93283,4,1301,0,0,701
0.90947,4,1301,0,0,701
0.86917,4,1301,0,0,701
0.81378,4,1301,0,0,701
0.74561,4,1301,0,0,701
0.66726,4,1301,0,0,701
0.58154,4,1301,0,0,701
0.49134,4,1301,0,0,701
0.39951,4,1301,0,0,701
0.30873,4,1301,0,0,701
0.22146,4,1301,0,0,701
0.13982,4,1301,0,0,701
0.065564,4,1301,0,0,701
4.7288e-16,4,1301,0,0,701
-0.055983,4,1301,0,0,701
-0.10193,4,1301,0,0,701
-0.13778,4,1301,0,0,701
-0.16387,4,1301,0,0,701
-0.18079,4,1301,0,0,701
-0.18944,4,1301,0,0,701
-0.19085,4,1301,0,0,701
-0.1862,4,1301,0,0,701
-0.17671,4,1301,0,0,701
-0.16357,4,1301,0,0,701
-0.14793,4,1301,0,0,701
-0.13084,4,1301,0,0,701
-0.11322,4,1301,0,0,701
-0.095835,4,1301,0,0,701
-0.079291,4,1301,0,0,701
-0.064041,4,1301,0,0,701
-0.050388,4,1301,0,0,701
-0.0385,4,1301,0,0,701
-0.028431,4,1301,0,0,701
-0.020139,4,1301,0,0,701
-0.01351,4,1301,0,0,701
-0.0083807,4,1301,0,0,701
-0.0045572,4,1301,0,0,701
-0.0018323,4,1301,0,0,701
-1.3585e-16,5,2401,0,0,701
0.0011336,5,2401,0,0,701
0.0017426,5,2401,0,0,701
0.0019769,5,2401,0,0,701
0.0019604,5,2401,0,0,701
0.0017907,5,2401,0,0,701
0.0015416,5,2401,0,0,701
0.0012654,5,2401,0,0,701
0.00099669,5,2401,0,0,701
0.00075601,5,2401,0,0,701
0.00055323,5,2401,0,0,701
0.00039081,5,2401,0,0,701
0.00026642,5,2401,0,0,701
0.00017509,5,2401,0,0,701
0.00011072,5,2401,0,0,701
6.7201e-05,5,2401,0,0,701
3.9007e-05,5,2401,0,0,701
2.1553e-05,5,2401,0,0,701
1.1266e-05,5,2401,0,0,701
5.5241e-06,5,2401,0,0,701
2.5106e-06,5,2401,0,0,701
1.0386e-06,5,2401,0,0,701
3.7931e-07,5,2401,0,0,701
1.1497e-07,5,2401,0,0,701
2.4138e-08,5,2401,0,0,701
-2.5191e-21,5,2401,0,0,701
-3.1517e-09,5,2401,0,0,701
-1.8743e-09,5,2401,0,0,701
-7.0159e-10,5,2401,0,0,701
-1.8553e-10,5,2401,0,0,701
-3.3542e-11,5,2401,0,0,701
-3.6624e-12,5,2401,0,0,701
-1.8339e-13,5,2401,0,0,701
-2.1242e-15,5,2401,0,0,701
-4.2217e-19,5,2401,0,0,701
-1.7072e-23,5,2401,0,0,701
-1.0601e-16,5,2401,0,0,701
-3.6305e-14,5,2401,0,0,701
-1.3999e-12,5,2401,0,0,701
-1.9823e-11,5,2401,0,0,701
-1.5669e-10,5,2401,0,0,701
-8.4175e-10,5,2401,0,0,701
-3.4221e-09,5,2401,0,0,701
-1.1222e-08,5,2401,0,0,701
-3.0874e-08,5,2401,0,0,701
-7.292e-08,5,2401,0,0,701
-1.4924e-07,5,2401,0,0,701
-2.6277e-07,5,2401,0,0,701
-3.8211e-07,5,2401,0,0,701
-3.9103e-07,5,2401,0,0,701
1.4168e-19,5,2401,0,0,701
1.3939e-06,5,2401,0,0,701
4.9107e-06,5,2401,0,0,701
1.2463e-05,5,2401,0,0,701
2.71e-05,5,2401,0,0,701
5.3403e-05,5,2401,0,0,701
9.7896e-05,5,2401,0,0,701
0.00016941,5,2401,0,0,701
0.00027932,5,2401,0,0,701
0.00044152,5,2401,0,0,701
0.00067204,5,2401,0,0,701
0.00098813,5,2401,0,0,701
0.0014067,5,2401,0,0,701
0.0019418,5,2401,0,0,701
0.0026017,5,2401,0,0,701
0.0033844,5,2401,0,0,701
0.004273,5,2401,0,0,701
0.00523,5,2401,0,0,701
0.0061914,5,2401,0,0,701
0.007061,5,2401,0,0,701
0.0077054,5,2401,0,0,701
0.0079503,5,2401,0,0,701
0.0075786,5,2401,0,0,701
0.0063315,5,2401,0,0,701
0.0039134,5,2401,0,0,701
-4.8415e-16,5,2401,0,0,701
-0.0057481,5,2401,0,0,701
-0.013668,5,2401,0,0,701
-0.024074,5,2401,0,0,701
-0.037228,5,2401,0,0,701
-0.053317,5,2401,0,0,701
-0.072416,5,2401,0,0,701
-0.094467,5,2401,0,0,701
-0.11924,5,2401,0,0,701
-0.14633,5,2401,0,0,701
-0.17512,5,2401,0,0,701
-0.20477,5,2401,0,0,701
-0.23427,5,2401,0,0,701
-0.26238,5,2401,0,0,701
-0.28772,5,2401,0,0,701
-0.30879,5,2401,0,0,701
-0.32402,5,2401,0,0,701
-0.33184,5,2401,0,0,701
-0.33077,5,2401,0,0,701
-0.31945,5,2401,0,0,701
-0.2968,5,2401,0,0,701
-0.26201,5,2401,0,0,701
-0.21467,5,2401,0,0,701
-0.1548,5,2401,0,0,701
-0.082915,5,2401,0,0,701
1.3751e-15,5,2401,0,0,701
0.092443,5,2401,0,0,701
0.19245,5,2401,0,0,701
0.29762,5,2401,0,0,701
0.40522,5,2401,0,0,701
0.51225,5,2401,0,0,701
0.61557,5,2401,0,0,701
0.71203,5,2401,0,0,701
0.79856,5,2401,0,0,701
0.87233,5,2401,0,0,701
0.93087,5,2401,0,0,701
0.97218,5,2401,0,0,701
0.99479,5,2401,0,0,701
0.99788,5,2401,0,0,701
0.98125,5,2401,0,0,701
0.94541,5,2401,0,0,701
0.89147,5,2401,0,0,701
0.82119,5,2401,0,0,701
0.7368,5,2401,0,0,701
0.64101,5,2401,0,0,701
0.53679,5,2401,0,0,701
0.42734,5,2401,0,0,701
0.31588,5,2401,0,0,701
0.20558,5,2401,0,0,701
0.099395,5,2401,0,0,701
6.6795e-15,5,2401,0,0,701
-0.090335,5,2401,0,0,701
-0.16979,5,2401,0,0,701
-0.23706,5,2401,0,0,701
-0.29133,5,2401,0,0,701
-0.33232,5,2401,0,0,701
-0.36022,5,2401,0,0,701
-0.37567,5,2401,0,0,701
-0.37965,5,2401,0,0,701
-0.37347,5,2401,0,0,701
-0.35862,5,2401,0,0,701
-0.33674,5,2401,0,0,701
-0.3095,5,2401,0,0,701
-0.27858,5,2401,0,0,701
-0.24551,5,2401,0,0,701
-0.21173,5,2401,0,0,701
-0.17846,5,2401,0,0,701
-0.14672,5,2401,0,0,701
-0.1173,5,2401,0,0,701
-0.090761,5,2401,0,0,701
-0.067469,5,2401,0,0,701
-0.04758,5,2401,0,0,701
-0.031085,5,2401,0,0,701
-0.017837,5,2401,0,0,701
-0.0075839,5,2401,0,0,701
1.8881e-15,5,2401,0,0,701
0.0052841,5,2401,0,0,701
0.0086547,5,2401,0,0,701
0.010492,5,2401,0,0,701
0.011155,5,2401,0,0,701
0.010962,5,2401,0,0,701
0.010193,5,2401,0,0,701
0.009075,5,2401,0,0,701
0.0077898,5,2401,0,0,701
0.0064728,5,2401,0,0,701
0.0052189,5,2401,0,0,701
0.0040882,5,2401,0,0,701
0.0031129,5,2401,0,0,701
0.0023034,5,2401,0,0,701
0.0016551,5,2401,0,0,701
0.0011532,5,2401,0,0,701
0.00077756,5,2401,0,0,701
0.00050583,5,2401,0,0,701
0.00031618,5,2401,0,0,701
0.00018878,5,2401,0,0,701
0.00010671,5,2401,0,0,701
5.63e-05,5,2401,0,0,701
2.7023e-05,5,2401,0,0,701
1.1163e-05,5,2401,0,0,701
3.3396e-06,5,2401,0,0,701
-4.0506e-19,5,2401,0,0,701
-1.062e-06,5,2401,0,0,701
-1.1193e-06,5,2401,0,0,701
-8.3961e-07,5,2401,0,0,701
-5.276e-07,5,2401,0,0,701
-2.9039e-07,5,2401,0,0,701
-1.4179e-07,5,2401,0,0,701
-6.1319e-08,5,2401,0,0,701
-2.3227e-08,5,2401,0,0,701
-7.5487e-09,5,2401,0,0,701
-2.0372e-09,5,2401,0,0,701
-4.3396e-10,5,2401,0,0,701
-6.7257e-11,5,2401,0,0,701
-6.5912e-12,5,2401,0,0,701
-3.1145e-13,5,2401,0,0,701
-3.7478e-15,5,2401,0,0,701
-1.1819e-18,5,2401,0,0,701
-4.2988e-25,5,2401,0,0,701
-4.3425e-17,5,2401,0,0,701
-1.7416e-14,5,2401,0,0,701
-6.4435e-13,5,2401,0,0,701
-8.0557e-12,5,2401,0,0,701
-5.2105e-11,5,2401,0,0,701
-2.0371e-10,5,2401,0,0,701
-4.5532e-10,5,2401,0,0,701
2.0755e-22,5,2401,0,0,701
5.1904e-09,5,2401,0,0,701
2.8572e-08,5,2401,0,0,701
1.0636e-07,5,2401,0,0,701
3.2261e-07,5,2401,0,0,701
8.5155e-07,5,2401,0,0,701
2.0225e-06,5,2401,0,0,701
4.4112e-06,5,2401,0,0,701
8.9558e-06,5,2401,0,0,701
1.7091e-05,5,2401,0,0,701
3.0882e-05,5,2401,0,0,701
5.3124e-05,5,2401,0,0,701
8.7364e-05,5,2401,0,0,701
0.00013779,5,2401,0,0,701
0.00020887,5,2401,0,0,701
0.00030479,5,2401,0,0,701
0.00042836,5,2401,0,0,701
0.00057966,5,2401,0,0,701
0.00075405,5,2401,0,0,701
0.00093979,5,2401,0,0,701
0.0011152,5,2401,0,0,701
0.0012456,5,2401,0,0,701
0.0012801,5,2401,0,0,701
0.0011488,5,2401,0,0,701
0.00076007,5,2401,0,0,701
-3.8618e-17,5,2401,0,0,701
-0.0012678,5,2401,0,0,701
-0.0031996,5,2401,0,0,701
-0.0059668,5,2401,0,0,701
-0.0097479,5,2401,0,0,701
-0.014718,5,2401,0,0,701
-0.021036,5,2401,0,0,701
-0.028825,5,2401,0,0,701
-0.038157,5,2401,0,0,701
-0.049032,5,2401,0,0,701
-0.061356,5,2401,0,0,701
-0.074924,5,2401,0,0,701
-0.089402,5,2401,0,0,701
-0.10432,5,2401,0,0,701
-0.11905,5,2401,0,0,701
-0.13284,5,2401,0,0,701
-0.14479,5,2401,0,0,701
-0.1539,5,2401,0,0,701
-0.15908,5,2401,0,0,701
-0.15921,5,2401,0,0,701
-0.15317,5,2401,0,0,701
-0.13993,5,2401,0,0,701
-0.11857,5,2401,0,0,701
-0.08838,5,2401,0,0,701
-0.048904,5,2401,0,0,701
-2.5051e-15,5,2401,0,0,701
0.058111,5,2401,0,0,701
0.12481,5,2401,0,0,701
0.19906,5,2401,0,0,701
0.27942,5,2401,0,0,701
0.36405,5,2401,0,0,701
0.45075,5,2401,0,0,701
0.53705,5,2401,0,0,701
0.62027,5,2401,0,0,701
0.69763,5,2401,0,0,701
0.76634,5,2401,0,0,701
0.82375,5,2401,0,0,701
0.86745,5,2401,0,0,701
0.89537,5,2401,0,0,701
0.9059,5,2401,0,0,701
0.89797,5,2401,0,0,701
0.87112,5,2401,0,0,701
0.82553,5,2401,0,0,701
0.76202,5,2401,0,0,701
0.68204,5,2401,0,0,701
0.58764,5,2401,0,0,701
0.48135,5,2401,0,0,701
0.36613,5,2401,0,0,701
0.24523,5,2401,0,0,701
0.12204,5,2401,0,0,701
-3.8486e-14,5,2401,0,0,701
-0.11758,5,2401,0,0,701
-0.2276,5,2401,0,0,701
-0.32735,5,2401,0,0,701
-0.41454,5,2401,0,0,701
-0.48741,5,2401,0,0,701
-0.54476,5,2401,0,0,701
-0.58599,5,2401,0,0,701
-0.61107,5,2401,0,0,701
-0.62054,5,2401,0,0,701
-0.6154,5,2401,0,0,701
-0.59709,5,2401,0,0,701
-0.56738,5,2401,0,0,701
-0.52828,5,2401,0,0,701
-0.48192,5,2401,0,0,701
-0.43048,5,2401,0,0,701
-0.37609,5,2401,0,0,701
-0.32073,5,2401,0,0,701
-0.2662,5,2401,0,0,701
-0.21403,5,2401,0,0,701
-0.16548,5,2401,0,0,701
-0.1215,5,2401,0,0,701
-0.08273,5,2401,0,0,701
-0.049535,5,2401,0,0,701
-0.022004,5,2401,0,0,701
4.5249e-15,5,2401,0,0,701
0.016805,5,2401,0,0,701
0.028882,5,2401,0,0,701
0.036804,5,2401,0,0,701
0.041201,5,2401,0,0,701
0.04272,5,2401,0,0,701
0.041997,5,2401,0,0,701
0.039624,5,2401,0,0,701
0.036133,5,2401,0,0,701
0.031983,5,2401,0,0,701
0.02755,5,2401,0,0,701
0.023131,5,2401,0,0,701
0.018943,5,2401,0,0,701
0.015134,5,2401,0,0,701
0.011791,5,2401,0,0,701
0.0089501,5,2401,0,0,701
0.0066079,5,2401,0,0,701
0.004734,5,2401,0,0,701
0.0032796,5,2401,0,0,701
0.0021857,5,2401,0,0,701
0.0013902,5,2401,0,0,701
0.00083275,5,2401,0,0,701
0.00045848,5,2401,0,0,701
0.00021978,5,2401,0,0,701
7.7324e-05,5,2401,0,0,701
-7.8823e-18,5,2401,0,0,701
-3.5701e-05,5,2401,0,0,701
-4.6714e-05,5,2401,0,0,701
-4.4595e-05,5,2401,0,0,701
-3.6733e-05,5,2401,0,0,701
-2.7467e-05,5,2401,0,0,701
-1.9036e-05,5,2401,0,0,701
-1.2341e-05,5,2401,0,0,701
-7.51e-06,5,2401,0,0,701
-4.2898e-06,5,2401,0,0,701
-2.2941e-06,5,2401,0,0,701
-1.143e-06,5,2401,0,0,701
-5.2666e-07,5,2401,0,0,701
-2.2219e-07,5,2401,0,0,701
-8.4663e-08,5,2401,0,0,701
-2.8599e-08,5,2401,0,0,701
-8.3473e-09,5,2401,0,0,701
-2.03e-09,5,2401,0,0,701
-3.8977e-10,5,2401,0,0,701
-5.4328e-11,5,2401,0,0,701
-4.771e-12,5,2401,0,0,701
-2.0186e-13,5,2401,0,0,701
-2.2288e-15,5,2401,0,0,701
-8.2608e-19,5,2401,0,0,701
-2.3929e-28,5,2401,0,0,701
2.2069e-31,5,2401,0,0,701
2.2006e-15,5,2401,0,0,701
2.1173e-13,5,2401,0,0,701
5.0822e-12,5,2401,0,0,701
5.8445e-11,5,2401,0,0,701
4.2324e-10,5,2401,0,0,701
2.2263e-09,5,2401,0,0,701
9.2541e-09,5,2401,0,0,701
3.2082e-08,5,2401,0,0,701
9.6212e-08,5,2401,0,0,701
2.5614e-07,5,2401,0,0,701
6.1685e-07,5,2401,0,0,701
1.3628e-06,5,2401,0,0,701
2.7915e-06,5,2401,0,0,701
5.3442e-06,5,2401,0,0,701
9.619e-06,5,2401,0,0,701
1.6346e-05,5,2401,0,0,701
2.6291e-05,5,2401,0,0,701
4.0055e-05,5,2401,0,0,701
5.7725e-05,5,2401,0,0,701
7.8327e-05,5,2401,0,0,701
9.9057e-05,5,2401,0,0,701
0.00011427,5,2401,0,0,701
0.00011421,5,2401,0,0,701
8.359e-05,5,2401,0,0,701
2.7944e-18,5,2401,0,0,701
-0.00016758,5,2401,0,0,701
-0.00046008,5,2401,0,0,701
-0.00092911,5,2401,0,0,701
-0.001637,5,2401,0,0,701
-0.0026556,5,2401,0,0,701
-0.004064,5,2401,0,0,701
-0.0059443,5,2401,0,0,701
-0.0083752,5,2401,0,0,701
-0.011425,5,2401,0,0,701
-0.01514,5,2401,0,0,701
-0.019534,5,2401,0,0,701
-0.024578,5,2401,0,0,701
-0.030182,5,2401,0,0,701
-0.036186,5,2401,0,0,701
-0.04235,5,2401,0,0,701
-0.048341,5,2401,0,0,701
-0.053733,5,2401,0,0,701
-0.058007,5,2401,0,0,701
-0.060555,5,2401,0,0,701
-0.060701,5,2401,0,0,701
-0.057716,5,2401,0,0,701
-0.050852,5,2401,0,0,701
-0.039376,5,2401,0,0,701
-0.022614,5,2401,0,0,701
8.8179e-15,5,2401,0,0,701
0.028879,5,2401,0,0,701
0.064233,5,2401,0,0,701
0.10602,5,2401,0,0,701
0.15392,5,2401,0,0,701
0.2073,5,2401,0,0,701
0.26517,5,2401,0,0,701
0.32625,5,2401,0,0,701
0.38893,5,2401,0,0,701
0.45133,5,2401,0,0,701
0.51132,5,2401,0,0,701
0.56666,5,2401,0,0,701
0.61501,5,2401,0,0,701
0.65407,5,2401,0,0,701
0.68167,5,2401,0,0,701
0.69586,5,2401,0,0,701
0.69505,5,2401,0,0,701
0.67806,5,2401,0,0,701
0.6442,5,2401,0,0,701
0.59338,5,2401,0,0,701
0.52607,5,2401,0,0,701
0.44338,5,2401,0,0,701
0.34698,5,2401,0,0,701
0.23909,5,2401,0,0,701
0.12241,5,2401,0,0,701
-3.1966e-14,5,2401,0,0,701
-0.12482,5,2401,0,0,701
-0.2486,5,2401,0,0,701
-0.36789,5,2401,0,0,701
-0.47939,5,2401,0,0,701
-0.58009,5,2401,0,0,701
-0.66734,5,2401,0,0,701
-0.73899,5,2401,0,0,701
-0.79349,5,2401,0,0,701
-0.82986,5,2401,0,0,701
-0.84778,5,2401,0,0,701
-0.84758,5,2401,0,0,701
-0.83015,5,2401,0,0,701
-0.79695,5,2401,0,0,701
-0.74986,5,2401,0,0,701
-0.69115,5,2401,0,0,701
-0.6233,5,2401,0,0,701
-0.54896,5,2401,0,0,701
-0.47078,5,2401,0,0,701
-0.39131,5,2401,0,0,701
-0.31295,5,2401,0,0,701
-0.23783,5,2401,0,0,701
-0.16773,5,2401,0,0,701
-0.10409,5,2401,0,0,701
-0.04796,5,2401,0,0,701
7.5085e-15,5,2401,0,0,701
0.039506,5,2401,0,0,701
0.070614,5,2401,0,0,701
0.093675,5,2401,0,0,701
0.10929,5,2401,0,0,701
0.11823,5,2401,0,0,701
0.12142,5,2401,0,0,701
0.11984,5,2401,0,0,701
0.11448,5,2401,0,0,701
0.10632,5,2401,0,0,701
0.096248,5,2401,0,0,701
0.085079,5,2401,0,0,701
0.0735,5,2401,0,0,701
0.062077,5,2401,0,0,701
0.051243,5,2401,0,0,701
0.041312,5,2401,0,0,701
0.032483,5,2401,0,0,701
0.024856,5,2401,0,0,701
0.018451,5,2401,0,0,701
0.013222,5,2401,0,0,701
0.0090772,5,2401,0,0,701
0.0058937,5,2401,0,0,701
0.0035334,5,2401,0,0,701
0.0018539,5,2401,0,0,701
0.00071797,5,2401,0,0,701
-4.6947e-17,5,2401,0,0,701
-0.00040964,5,2401,0,0,701
-0.0006027,5,2401,0,0,701
-0.00065275,5,2401,0,0,701
-0.0006162,5,2401,0,0,701
-0.00053416,5,2401,0,0,701
-0.00043486,5,2401,0,0,701
-0.00033624,5,2401,0,0,701
-0.00024839,5,2401,0,0,701
-0.00017583,5,2401,0,0,701
-0.00011941,5,2401,0,0,701
-7.7785e-05,5,2401,0,0,701
-4.8542e-05,5,2401,0,0,701
-2.8958e-05,5,2401,0,0,701
-1.6461e-05,5,2401,0,0,701
-8.8777e-06,5,2401,0,0,701
-4.5176e-06,5,2401,0,0,701
-2.1532e-06,5,2401,0,0,701
-9.5217e-07,5,2401,0,0,701
-3.8567e-07,5,2401,0,0,701
-1.4058e-07,5,2401,0,0,701
-4.494e-08,5,2401,0,0,701
-1.209e-08,5,2401,0,0,701
-2.5343e-09,5,2401,0,0,701
-3.3776e-10,5,2401,0,0,701
2.8629e-27,5,2401,0,0,701
1.1683e-11,5,2401,0,0,701
2.4706e-12,5,2401,0,0,701
2.0229e-13,5,2401,0,0,701
4.4027e-15,5,2401,0,0,701
4.5844e-18,5,2401,0,0,701
1.3376e-33,5,2401,0,0,701
1.0271e-17,5,2401,0,0,701
1.0086e-14,5,2401,0,0,701
5.9435e-13,5,2401,0,0,701
1.08e-11,5,2401,0,0,701
1.0189e-10,5,2401,0,0,701
6.3065e-10,5,2401,0,0,701
2.9021e-09,5,2401,0,0,701
1.0698e-08,5,2401,0,0,701
3.313e-08,5,2401,0,0,701
8.899e-08,5,2401,0,0,701
2.1186e-07,5,2401,0,0,701
4.5354e-07,5,2401,0,0,701
8.8071e-07,5,2401,0,0,701
1.5559e-06,5,2401,0,0,701
2.4901e-06,5,2401,0,0,701
3.5493e-06,5,2401,0,0,701
4.2956e-06,5,2401,0,0,701
3.7416e-06,5,2401,0,0,701
-2.3016e-18,5,2401,0,0,701
-1.018e-05,5,2401,0,0,701
-3.1983e-05,5,2401,0,0,701
-7.3184e-05,5,2401,0,0,701
-0.00014482,5,2401,0,0,701
-0.00026184,5,2401,0,0,701
-0.00044348,5,2401,0,0,701
-0.00071344,5,2401,0,0,701
-0.0010994,5,2401,0,0,701
-0.0016321,5,2401,0,0,701
-0.0023429,5,2401,0,0,701
-0.0032612,5,2401,0,0,701
-0.0044099,5,2401,0,0,701
-0.0058,5,2401,0,0,701
-0.0074245,5,2401,0,0,701
-0.0092504,5,2401,0,0,701
-0.011211,5,2401,0,0,701
-0.013199,5,2401,0,0,701
-0.015058,5,2401,0,0,701
-0.016579,5,2401,0,0,701
-0.017492,5,2401,0,0,701
-0.017476,5,2401,0,0,701
-0.016151,5,2401,0,0,701
-0.013099,5,2401,0,0,701
-0.0078679,5,2401,0,0,701
2.6219e-15,5,2401,0,0,701
0.010948,5,2401,0,0,701
0.025374,5,2401,0,0,701
0.043594,5,2401,0,0,701
0.065812,5,2401,0,0,701
0.092079,5,2401,0,0,701
0.12226,5,2401,0,0,701
0.15601,5,2401,0,0,701
0.19275,5,2401,0,0,701
0.23163,5,2401,0,0,701
0.2716,5,2401,0,0,701
0.31132,5,2401,0,0,701
0.34928,5,2401,0,0,701
0.38379,5,2401,0,0,701
0.41306,5,2401,0,0,701
0.43524,5,2401,0,0,701
0.44855,5,2401,0,0,701
0.45131,5,2401,0,0,701
0.44208,5,2401,0,0,701
0.41969,5,2401,0,0,701
0.38339,5,2401,0,0,701
0.33285,5,2401,0,0,701
0.26826,5,2401,0,0,701
0.19032,5,2401,0,0,701
0.10031,5,2401,0,0,701
-2.0427e-14,5,2401,0,0,701
-0.10835,5,2401,0,0,701
-0.22205,5,2401,0,0,701
-0.3381,5,2401,0,0,701
-0.45329,5,2401,0,0,701
-0.56429,5,2401,0,0,701
-0.66784,5,2401,0,0,701
-0.76084,5,2401,0,0,701
-0.84047,5,2401,0,0,701
-0.90435,5,2401,0,0,701
-0.95061,5,2401,0,0,701
-0.97795,5,2401,0,0,701
-0.98575,5,2401,0,0,701
-0.97403,5,2401,0,0,701
-0.94347,5,2401,0,0,701
-0.89537,5,2401,0,0,701
-0.83159,5,2401,0,0,701
-0.75447,5,2401,0,0,701
-0.66667,5,2401,0,0,701
-0.57116,5,2401,0,0,701
-0.47096,5,2401,0,0,701
-0.36914,5,2401,0,0,701
-0.26861,5,2401,0,0,701
-0.17207,5,2401,0,0,701
-0.081877,5,2401,0,0,701
8.4294e-15,5,2401,0,0,701
0.072038,5,2401,0,0,701
0.13318,5,2401,0,0,701
0.18286,5,2401,0,0,701
0.22094,5,2401,0,0,701
0.24773,5,2401,0,0,701
0.26387,5,2401,0,0,701
0.27034,5,2401,0,0,701
0.26831,5,2401,0,0,701
0.25912,5,2401,0,0,701
0.24418,5,2401,0,0,701
0.22493,5,2401,0,0,701
0.20272,5,2401,0,0,701
0.17885,5,2401,0,0,701
0.15442,5,2401,0,0,701
0.1304,5,2401,0,0,701
0.10756,5,2401,0,0,701
0.086489,5,2401,0,0,701
0.067585,5,2401,0,0,701
0.051082,5,2401,0,0,701
0.037064,5,2401,0,0,701
0.025493,5,2401,0,0,701
0.01623,5,2401,0,0,701
0.0090669,5,2401,0,0,701
0.0037496,5,2401,0,0,701
-7.1723e-17,5,2401,0,0,701
-0.0024634,5,2401,0,0,701
-0.0039109,5,2401,0,0,701
-0.0045895,5,2401,0,0,701
-0.004716,5,2401,0,0,701
-0.0044726,5,2401,0,0,701
-0.0040061,5,2401,0,0,701
-0.0034295,5,2401,0,0,701
-0.0028245,5,2401,0,0,701
-0.0022468,5,2401,0,0,701
-0.0017298,5,2401,0,0,701
-0.0012902,5,2401,0,0,701
-0.00093253,5,2401,0,0,701
-0.00065275,5,2401,0,0,701
-0.00044196,5,2401,0,0,701
-0.00028892,5,2401,0,0,701
-0.00018188,5,2401,0,0,701
-0.00010986,5,2401,0,0,701
-6.3355e-05,5,2401,0,0,701
-3.4648e-05,5,2401,0,0,701
-1.7791e-05,5,2401,0,0,701
-8.4444e-06,5,2401,0,0,701
-3.6053e-06,5,2401,0,0,701
-1.3072e-06,5,2401,0,0,701
-3.3781e-07,5,2401,0,0,701
-1.0279e-20,5,2401,0,0,701
7.5356e-08,5,2401,0,0,701
6.3866e-08,5,2401,0,0,701
3.7143e-08,5,2401,0,0,701
1.7267e-08,5,2401,0,0,701
6.6102e-09,5,2401,0,0,701
2.065e-09,5,2401,0,0,701
5.0823e-10,5,2401,0,0,701
9.2208e-11,5,2401,0,0,701
1.0957e-11,5,2401,0,0,701
6.8053e-13,5,2401,0,0,701
1.3331e-14,5,2401,0,0,701
1.709e-17,5,2401,0,0,701
1.7332e-30,5,2401,0,0,701
5.8415e-18,5,2401,0,0,701
7.6108e-15,5,2401,0,0,701
4.554e-13,5,2401,0,0,701
7.8551e-12,5,2401,0,0,701
6.8164e-11,5,2401,0,0,701
3.7893e-10,5,2401,0,0,701
1.5262e-09,5,2401,0,0,701
4.7527e-09,5,2401,0,0,701
1.1748e-08,5,2401,0,0,701
2.2608e-08,5,2401,0,0,701
2.9284e-08,5,2401,0,0,701
-2.1082e-20,5,2401,0,0,701
-1.5187e-07,5,2401,0,0,701
-6.228e-07,5,2401,0,0,701
-1.8072e-06,5,2401,0,0,701
-4.4267e-06,5,2401,0,0,701
-9.7054e-06,5,2401,0,0,701
-1.9588e-05,5,2401,0,0,701
-3.699e-05,5,2401,0,0,701
-6.604e-05,5,2401,0,0,701
-0.00011229,5,2401,0,0,701
-0.00018278,5,2401,0,0,701
-0.00028595,5,2401,0,0,701
-0.00043118,5,2401,0,0,701
-0.00062798,5,2401,0,0,701
-0.00088456,5,2401,0,0,701
-0.0012059,5,2401,0,0,701
-0.0015911,5,2401,0,0,701
-0.00203,5,2401,0,0,701
-0.0024992,5,2401,0,0,701
-0.002958,5,2401,0,0,701
-0.0033436,5,2401,0,0,701
-0.0035673,5,2401,0,0,701
-0.0035107,5,2401,0,0,701
-0.0030236,5,2401,0,0,701
-0.0019241,5,2401,0,0,701
5.2713e-16,5,2401,0,0,701
0.0029849,5,2401,0,0,701
0.0072827,5,2401,0,0,701
0.013149,5,2401,0,0,701
0.020825,5,2401,0,0,701
0.03052,5,2401,0,0,701
0.042388,5,2401,0,0,701
0.056501,5,2401,0,0,701
0.072828,5,2401,0,0,701
0.091206,5,2401,0,0,701
0.11132,5,2401,0,0,701
0.1327,5,2401,0,0,701
0.15468,5,2401,0,0,701
0.17643,5,2401,0,0,701
0.19695,5,2401,0,0,701
0.21509,5,2401,0,0,701
0.22958,5,2401,0,0,701
0.23907,5,2401,0,0,701
0.24223,5,2401,0,0,701
0.23773,5,2401,0,0,701
0.22439,5,2401,0,0,701
0.20118,5,2401,0,0,701
0.16737,5,2401,0,0,701
0.12252,5,2401,0,0,701
0.066604,5,2401,0,0,701
-9.51e-15,5,2401,0,0,701
-0.076449,5,2401,0,0,701
-0.16144,5,2401,0,0,701
-0.25322,5,2401,0,0,701
-0.34963,5,2401,0,0,701
-0.44816,5,2401,0,0,701
-0.54602,5,2401,0,0,701
-0.64026,5,2401,0,0,701
-0.72788,5,2401,0,0,701
-0.80593,5,2401,0,0,701
-0.87166,5,2401,0,0,701
-0.9226,5,2401,0,0,701
-0.95674,5,2401,0,0,701
-0.97257,5,2401,0,0,701
-0.96916,5,2401,0,0,701
-0.94624,5,2401,0,0,701
-0.90419,5,2401,0,0,701
-0.84405,5,2401,0,0,701
-0.76747,5,2401,0,0,701
-0.67666,5,2401,0,0,701
-0.57428,5,2401,0,0,701
-0.46337,5,2401,0,0,701
-0.34717,5,2401,0,0,701
-0.22903,5,2401,0,0,701
-0.11226,5,2401,0,0,701
5.1064e-15,5,2401,0,0,701
0.10489,5,2401,0,0,701
0.19994,5,2401,0,0,701
0.28312,5,2401,0,0,701
0.35295,5,2401,0,0,701
0.40848,5,2401,0,0,701
0.44932,5,2401,0,0,701
0.4756,5,2401,0,0,701
0.48794,5,2401,0,0,701
0.48739,5,2401,0,0,701
0.47534,5,2401,0,0,701
0.45345,5,2401,0,0,701
0.42354,5,2401,0,0,701
0.38752,5,2401,0,0,701
0.3473,5,2401,0,0,701
0.30467,5,2401,0,0,701
0.26132,5,2401,0,0,701
0.21871,5,2401,0,0,701
0.17808,5,2401,0,0,701
0.14041,5,2401,0,0,701
0.10641,5,2401,0,0,701
0.076543,5,2401,0,0,701
0.051037,5,2401,0,0,701
0.029907,5,2401,0,0,701
0.012995,5,2401,0,0,701
4.3479e-16,5,2401,0,0,701
-0.009476,5,2401,0,0,701
-0.015897,5,2401,0,0,701
-0.019759,5,2401,0,0,701
-0.021556,5,2401,0,0,701
-0.021763,5,2401,0,0,701
-0.020811,5,2401,0,0,701
-0.019079,5,2401,0,0,701
-0.016886,5,2401,0,0,701
-0.014489,5,2401,0,0,701
-0.012082,5,2401,0,0,701
-0.0098063,5,2401,0,0,701
-0.007751,5,2401,0,0,701
-0.0059665,5,2401,0,0,701
-0.0044703,5,2401,0,0,701
-0.0032562,5,2401,0,0,701
-0.0023018,5,2401,0,0,701
-0.001575,5,2401,0,0,701
-0.0010392,5,2401,0,0,701
-0.00065759,5,2401,0,0,701
-0.00039575,5,2401,0,0,701
-0.00022346,5,2401,0,0,701
-0.00011547,5,2401,0,0,701
-5.17e-05,5,2401,0,0,701
-1.6896e-05,5,2401,0,0,701
3.5143e-18,5,2401,0,0,701
6.6004e-06,5,2401,0,0,701
7.8508e-06,5,2401,0,0,701
6.748e-06,5,2401,0,0,701
4.949e-06,5,2401,0,0,701
3.2517e-06,5,2401,0,0,701
1.9494e-06,5,2401,0,0,701
1.0727e-06,5,2401,0,0,701
5.415e-07,5,2401,0,0,701
2.4937e-07,5,2401,0,0,701
1.0373e-07,5,2401,0,0,701
3.8393e-08,5,2401,0,0,701
1.2374e-08,5,2401,0,0,701
3.3659e-09,5,2401,0,0,701
7.379e-10,5,2401,0,0,701
1.2138e-10,5,2401,0,0,701
1.3305e-11,5,2401,0,0,701
7.8134e-13,5,2401,0,0,701
1.5297e-14,5,2401,0,0,701
2.43e-17,5,2401,0,0,701
1.0016e-26,5,2401,0,0,701
1.1906e-18,5,2401,0,0,701
1.9407e-15,5,2401,0,0,701
9.5204e-14,5,2401,0,0,701
9.5142e-13,5,2401,0,0,701
-2.2867e-24,5,2401,0,0,701
-6.0666e-11,5,2401,0,0,701
-5.7584e-10,5,2401,0,0,701
-3.2866e-09,5,2401,0,0,701
-1.4072e-08,5,2401,0,0,701
-4.936e-08,5,2401,0,0,701
-1.4885e-07,5,2401,0,0,701
-3.9795e-07,5,2401,0,0,701
-9.632e-07,5,2401,0,0,701
-2.1431e-06,5,2401,0,0,701
-4.4331e-06,5,2401,0,0,701
-8.5998e-06,5,2401,0,0,701
-1.575e-05,5,2401,0,0,701
-2.7369e-05,5,2401,0,0,701
-4.5303e-05,5,2401,0,0,701
-7.1623e-05,5,2401,0,0,701
-0.00010833,5,2401,0,0,701
-0.00015684,5,2401,0,0,701
-0.00021717,5,2401,0,0,701
-0.0002868,5,2401,0,0,701
-0.00035917,5,2401,0,0,701
-0.00042187,5,2401,0,0,701
-0.00045449,5,2401,0,0,701
-0.0004263,5,2401,0,0,701
-0.00029407,5,2401,0,0,701
6.2126e-17,5,2401,0,0,701
0.00052958,5,2401,0,0,701
0.0013846,5,2401,0,0,701
0.0026703,5,2401,0,0,701
0.0045044,5,2401,0,0,701
0.0070121,5,2401,0,0,701
0.010319,5,2401,0,0,701
0.014541,5,2401,0,0,701
0.019773,5,2401,0,0,701
0.026073,5,2401,0,0,701
0.033446,5,2401,0,0,701
0.041832,5,2401,0,0,701
0.051084,5,2401,0,0,701
0.060954,5,2401,0,0,701
0.071084,5,2401,0,0,701
0.080999,5,2401,0,0,701
0.090102,5,2401,0,0,701
0.097684,5,2401,0,0,701
0.10293,5,2401,0,0,701
0.10497,5,2401,0,0,701
0.10285,5,2401,0,0,701
0.09565,5,2401,0,0,701
0.082476,5,2401,0,0,701
0.062535,5,2401,0,0,701
0.035186,5,2401,0,0,701
-2.7522e-15,5,2401,0,0,701
-0.04319,5,2401,0,0,701
-0.094241,5,2401,0,0,701
-0.15266,5,2401,0,0,701
-0.21759,5,2401,0,0,701
-0.28779,5,2401,0,0,701
-0.36165,5,2401,0,0,701
-0.43725,5,2401,0,0,701
-0.51237,5,2401,0,0,701
-0.58456,5,2401,0,0,701
-0.65129,5,2401,0,0,701
-0.70996,5,2401,0,0,701
-0.75808,5,2401,0,0,701
-0.79333,5,2401,0,0,701
-0.81371,5,2401,0,0,701
-0.81762,5,2401,0,0,701
-0.80396,5,2401,0,0,701
-0.77219,5,2401,0,0,701
-0.72239,5,2401,0,0,701
-0.65526,5,2401,0,0,701
-0.57213,5,2401,0,0,701
-0.47492,5,2401,0,0,701
-0.36607,5,2401,0,0,701
-0.24847,5,2401,0,0,701
-0.12531,5,2401,0,0,701
-1.9476e-15,5,2401,0,0,701
0.12398,5,2401,0,0,701
0.24324,5,2401,0,0,701
0.35457,5,2401,0,0,701
0.45512,5,2401,0,0,701
0.54243,5,2401,0,0,701
0.61461,5,2401,0,0,701
0.67029,5,2401,0,0,701
0.70875,5,2401,0,0,701
0.72988,5,2401,0,0,701
0.73415,5,2401,0,0,701
0.72257,5,2401,0,0,701
0.69662,5,2401,0,0,701
0.65817,5,2401,0,0,701
0.60939,5,2401,0,0,701
0.5526,5,2401,0,0,701
0.49021,5,2401,0,0,701
0.42459,5,2401,0,0,701
0.35801,5,2401,0,0,701
0.29251,5,2401,0,0,701
0.22989,5,2401,0,0,701
0.17163,5,2401,0,0,701
0.11888,5,2401,0,0,701
0.072432,5,2401,0,0,701
0.032755,5,2401,0,0,701
-1.0289e-14,5,2401,0,0,701
-0.025958,5,2401,0,0,701
-0.04548,5,2401,0,0,701
-0.059112,5,2401,0,0,701
-0.067534,5,2401,0,0,701
-0.071508,5,2401,0,0,701
-0.071833,5,2401,0,0,701
-0.069305,5,2401,0,0,701
-0.064677,5,2401,0,0,701
-0.058634,5,2401,0,0,701
-0.051776,5,2401,0,0,701
-0.044606,5,2401,0,0,701
-0.037524,5,2401,0,0,701
-0.030829,5,2401,0,0,701
-0.024731,5,2401,0,0,701
-0.019353,5,2401,0,0,701
-0.014753,5,2401,0,0,701
-0.01093,5,2401,0,0,701
-0.0078441,5,2401,0,0,701
-0.0054259,5,2401,0,0,701
-0.0035894,5,2401,0,0,701
-0.0022415,5,2401,0,0,701
-0.0012898,5,2401,0,0,701
-0.0006481,5,2401,0,0,701
-0.00023976,5,2401,0,0,701
4.615e-17,5,2401,0,0,701
0.00012377,5,2401,0,0,701
0.00017235,5,2401,0,0,701
0.00017601,5,2401,0,0,701
0.000156,5,2401,0,0,701
0.00012636,5,2401,0,0,701
9.5604e-05,5,2401,0,0,701
6.8275e-05,5,2401,0,0,701
4.6255e-05,5,2401,0,0,701
2.9786e-05,5,2401,0,0,701
1.8228e-05,5,2401,0,0,701
1.0582e-05,5,2401,0,0,701
5.8093e-06,5,2401,0,0,701
3.0018e-06,5,2401,0,0,701
1.4508e-06,5,2401,0,0,701
6.5035e-07,5,2401,0,0,701
2.6747e-07,5,2401,0,0,701
9.9478e-08,5,2401,0,0,701
3.2815e-08,5,2401,0,0,701
9.3477e-09,5,2401,0,0,701
2.2134e-09,5,2401,0,0,701
4.1146e-10,5,2401,0,0,701
5.4772e-11,5,2401,0,0,701
4.4239e-12,5,2401,0,0,701
1.4903e-13,5,2401,0,0,701
-6.4569e-28,5,2401,0,0,701
-8.7768e-18,5,2401,0,0,701
-4.6925e-25,5,2401,0,0,701
-3.4739e-19,5,2401,0,0,701
-1.643e-15,5,2401,0,0,701
-1.6984e-13,5,2401,0,0,701
-4.2221e-12,5,2401,0,0,701
-4.9191e-11,5,2401,0,0,701
-3.5671e-10,5,2401,0,0,701
-1.8658e-09,5,2401,0,0,701
-7.676e-09,5,2401,0,0,701
-2.6243e-08,5,2401,0,0,701
-7.7368e-08,5,2401,0,0,701
-2.0187e-07,5,2401,0,0,701
-4.7489e-07,5,2401,0,0,701
-1.0211e-06,5,2401,0,0,701
-2.0261e-06,5,2401,0,0,701
-3.7357e-06,5,2401,0,0,701
-6.4256e-06,5,2401,0,0,701
-1.0322e-05,5,2401,0,0,701
-1.5444e-05,5,2401,0,0,701
-2.1341e-05,5,2401,0,0,701
-2.6689e-05,5,2401,0,0,701
-2.8722e-05,5,2401,0,0,701
-2.2501e-05,5,2401,0,0,701
3.2106e-18,5,2401,0,0,701
5.0914e-05,5,2401,0,0,701
0.00014756,5,2401,0,0,701
0.00031346,5,2401,0,0,701
0.00057906,5,2401,0,0,701
0.00098211,5,2401,0,0,701
0.0015673,5,2401,0,0,701
0.0023849,5,2401,0,0,701
0.0034883,5,2401,0,0,701
0.0049303,5,2401,0,0,701
0.0067577,5,2401,0,0,701
0.009004,5,2401,0,0,701
0.011682,5,2401,0,0,701
0.014772,5,2401,0,0,701
0.018215,5,2401,0,0,701
0.0219,5,2401,0,0,701
0.025653,5,2401,0,0,701
0.029234,5,2401,0,0,701
0.032326,5,2401,0,0,701
0.034538,5,2401,0,0,701
0.035406,5,2401,0,0,701
0.034403,5,2401,0,0,701
0.030956,5,2401,0,0,701
0.024464,5,2401,0,0,701
0.014331,5,2401,0,0,701
-1.3024e-16,5,2401,0,0,701
-0.019012,5,2401,0,0,701
-0.043069,5,2401,0,0,701
-0.072372,5,2401,0,0,701
-0.10692,5,2401,0,0,701
-0.14648,5,2401,0,0,701
-0.19054,5,2401,0,0,701
-0.23831,5,2401,0,0,701
-0.28871,5,2401,0,0,701
-0.34036,5,2401,0,0,701
-0.39165,5,2401,0,0,701
-0.44073,5,2401,0,0,701
-0.4856,5,2401,0,0,701
-0.52417,5,2401,0,0,701
-0.55435,5,2401,0,0,701
-0.57415,5,2401,0,0,701
-0.58175,5,2401,0,0,701
-0.57562,5,2401,0,0,701
-0.5546,5,2401,0,0,701
-0.51799,5,2401,0,0,701
-0.46561,5,2401,0,0,701
-0.39783,5,2401,0,0,701
-0.31559,5,2401,0,0,701
-0.22042,5,2401,0,0,701
-0.11438,5,2401,0,0,701
4.403e-14,5,2401,0,0,701
0.11979,5,2401,0,0,701
0.24178,5,2401,0,0,701
0.36259,5,2401,0,0,701
0.4788,5,2401,0,0,701
0.58712,5,2401,0,0,701
0.68446,5,2401,0,0,701
0.76812,5,2401,0,0,701
0.83583,5,2401,0,0,701
0.88592,5,2401,0,0,701
0.9173,5,2401,0,0,701
0.92955,5,2401,0,0,701
0.92288,5,2401,0,0,701
0.89815,5,2401,0,0,701
0.8568,5,2401,0,0,701
0.80074,5,2401,0,0,701
0.73231,5,2401,0,0,701
0.65415,5,2401,0,0,701
0.56905,5,2401,0,0,701
0.47989,5,2401,0,0,701
0.38945,5,2401,0,0,701
0.30038,5,2401,0,0,701
0.21505,5,2401,0,0,701
0.13551,5,2401,0,0,701
0.063412,5,2401,0,0,701
-1.6961e-14,5,2401,0,0,701
-0.053923,5,2401,0,0,701
-0.097972,5,2401,0,0,701
-0.13215,5,2401,0,0,701
-0.15683,5,2401,0,0,701
-0.17264,5,2401,0,0,701
-0.18049,5,2401,0,0,701
-0.18141,5,2401,0,0,701
-0.17657,5,2401,0,0,701
-0.16716,5,2401,0,0,701
-0.15434,5,2401,0,0,701
-0.13923,5,2401,0,0,701
-0.12282,5,2401,0,0,701
-0.10599,5,2401,0,0,701
-0.089466,5,2401,0,0,701
-0.073808,5,2401,0,0,701
-0.059435,5,2401,0,0,701
-0.04662,5,2401,0,0,701
-0.035508,5,2401,0,0,701
-0.026135,5,2401,0,0,701
-0.018449,5,2401,0,0,701
-0.012332,5,2401,0,0,701
-0.0076215,5,2401,0,0,701
-0.0041283,5,2401,0,0,701
-0.0016531,5,2401,0,0,701
2.6458e-16,5,2401,0,0,701
0.0010138,5,2401,0,0,701
0.0015511,5,2401,0,0,701
0.001751,5,2401,0,0,701
0.0017273,5,2401,0,0,701
0.0015691,5,2401,0,0,701
0.0013429,5,2401,0,0,701
0.0010954,5,2401,0,0,701
0.00085701,5,2401,0,0,701
0.00064542,5,2401,0,0,701
0.00046868,5,2401,0,0,701
0.00032835,5,2401,0,0,701
0.00022184,5,2401,0,0,701
0.00014438,5,2401,0,0,701
9.0335e-05,5,2401,0,0,701
5.4191e-05,5,2401,0,0,701
3.1053e-05,5,2401,0,0,701
1.6915e-05,5,2401,0,0,701
8.7023e-06,5,2401,0,0,701
4.1914e-06,5,2401,0,0,701
1.8667e-06,5,2401,0,0,701
7.5452e-07,5,2401,0,0,701
2.6828e-07,5,2401,0,0,701
7.8811e-08,5,2401,0,0,701
1.5942e-08,5,2401,0,0,701
-6.8197e-22,5,2401,0,0,701
-1.8832e-09,5,2401,0,0,701
-1.0444e-09,5,2401,0,0,701
-3.5689e-10,5,2401,0,0,701
-8.3367e-11,5,2401,0,0,701
-1.2604e-11,5,2401,0,0,701
-1.0395e-12,5,2401,0,0,701
-3.142e-14,5,2401,0,0,701
-1.117e-16,5,2401,0,0,701
-4.1374e-23,5,2401,0,0,701
-3.0926e-19,5,2401,0,0,701
-2.1244e-15,5,2401,0,0,701
-2.1589e-13,5,2401,0,0,701
-4.9793e-12,5,2401,0,0,701
-5.3055e-11,5,2401,0,0,701
-3.5003e-10,5,2401,0,0,701
-1.6593e-09,5,2401,0,0,701
-6.154e-09,5,2401,0,0,701
-1.8811e-08,5,2401,0,0,701
-4.8955e-08,5,2401,0,0,701
-1.1052e-07,5,2401,0,0,701
-2.1792e-07,5,2401,0,0,701
-3.7179e-07,5,2401,0,0,701
-5.2631e-07,5,2401,0,0,701
-5.2622e-07,5,2401,0,0,701
3.1181e-20,5,2401,0,0,701
1.8053e-06,5,2401,0,0,701
6.2596e-06,5,2401,0,0,701
1.5661e-05,5,2401,0,0,701
3.3617e-05,5,2401,0,0,701
6.5475e-05,5,2401,0,0,701
0.00011875,5,2401,0,0,701
0.00020351,5,2401,0,0,701
0.00033253,5,2401,0,0,701
0.00052128,5,2401,0,0,701
0.00078734,5,2401,0,0,701
0.0011494,5,2401,0,0,701
0.0016253,5,2401,0,0,701
0.0022295,5,2401,0,0,701
0.0029696,5,2401,0,0,701
0.0038416,5,2401,0,0,701
0.0048249,5,2401,0,0,701
0.0058762,5,2401,0,0,701
0.0069236,5,2401,0,0,701
0.0078608,5,2401,0,0,701
0.0085417,5,2401,0,0,701
0.0087774,5,2401,0,0,701
0.0083344,5,2401,0,0,701
0.006937,5,2401,0,0,701
0.0042723,5,2401,0,0,701
-2.066e-15,5,2401,0,0,701
-0.0062331,5,2401,0,0,701
-0.014774,5,2401,0,0,701
-0.025941,5,2401,0,0,701
-0.039997,5,2401,0,0,701
-0.057117,5,2401,0,0,701
-0.077361,5,2401,0,0,701
-0.10064,5,2401,0,0,701
-0.1267,5,2401,0,0,701
-0.15509,5,2401,0,0,701
-0.18513,5,2401,0,0,701
-0.21596,5,2401,0,0,701
-0.24648,5,2401,0,0,701
-0.27541,5,2401,0,0,701
-0.30133,5,2401,0,0,701
-0.32267,5,2401,0,0,701
-0.33785,5,2401,0,0,701
-0.34526,5,2401,0,0,701
-0.34342,5,2401,0,0,701
-0.33098,5,2401,0,0,701
-0.30689,5,2401,0,0,701
-0.27037,5,2401,0,0,701
-0.22108,5,2401,0,0,701
-0.15912,5,2401,0,0,701
-0.085061,5,2401,0,0,701
2.8104e-14,5,2401,0,0,701
