0,1,0
0.062759,1,0
0.12508,1,0
0.18654,1,0
0.24671,1,0
0.30518,1,0
0.36155,1,0
0.41547,1,0
0.46657,1,0
0.51453,1,0
0.55907,1,0
0.59993,1,0
0.63688,1,0
0.66974,1,0
0.69836,1,0
0.72263,1,0
0.74248,1,0
0.75787,1,0
0.76882,1,0
0.77538,1,0
0.77761,1,0
0.77564,1,0
0.76963,1,0
0.75974,1,0
0.74618,1,0
0.7292,1,0
0.70903,1,0
0.68596,1,0
0.66027,1,0
0.63226,1,0
0.60224,1,0
0.57052,1,0
0.53741,1,0
0.50322,1,0
0.46827,1,0
0.43285,1,0
0.39725,1,0
0.36174,1,0
0.32658,1,0
0.29202,1,0
0.25829,1,0
0.22557,1,0
0.19407,1,0
0.16393,1,0
0.1353,1,0
0.10828,1,0
0.082984,1,0
0.059467,1,0
0.037781,1,0
0.017956,1,0
-8.7142e-17,1,0
-0.016098,1,0
-0.030364,1,0
-0.042841,1,0
-0.053587,1,0
-0.062669,1,0
-0.070168,1,0
-0.076172,1,0
-0.080778,1,0
-0.084086,1,0
-0.086203,1,0
-0.087237,1,0
-0.087297,1,0
-0.086491,1,0
-0.084926,1,0
-0.082708,1,0
-0.079935,1,0
-0.076706,1,0
-0.07311,1,0
-0.069232,1,0
-0.065152,1,0
-0.06094,1,0
-0.056662,1,0
-0.052377,1,0
-0.048135,1,0
-0.043981,1,0
-0.039952,1,0
-0.03608,1,0
-0.03239,1,0
-0.028901,1,0
-0.025628,1,0
-0.022579,1,0
-0.019761,1,0
-0.017175,1,0
-0.014818,1,0
-0.012685,1,0
-0.010769,1,0
-0.0090602,1,0
-0.0075479,1,0
-0.0062198,1,0
-0.0050629,1,0
-0.0040636,1,0
-0.0032082,1,0
-0.0024831,1,0
-0.0018748,1,0
-0.0013704,1,0
-0.00095751,1,0
-0.00062447,1,0
-0.00036041,1,0
-0.0001553,1,0
1.3638e-18,1,0
0.00011373,1,0
0.00019325,1,0
0.00024506,1,0
0.00027482,1,0
0.00028743,1,0
0.00028704,1,0
0.00027715,1,0
0.00026065,1,0
0.00023989,1,0
0.00021673,1,0
0.00019263,1,0
0.0001687,1,0
0.00014572,1,0
0.00012426,1,0
0.00010465,1,0
8.7083e-05,1,0
7.1613e-05,1,0
5.8205e-05,1,0
4.6756e-05,1,0
3.7118e-05,1,0
2.9115e-05,1,0
2.256e-05,1,0
1.7263e-05,1,0
1.3039e-05,1,0
9.7173e-06,1,0
7.141e-06,1,0
5.1713e-06,1,0
3.6876e-06,1,0
2.5872e-06,1,0
1.7841e-06,1,0
1.208e-06,1,0
8.0196e-07,1,0
5.2132e-07,1,0
3.3126e-07,1,0
2.0537e-07,1,0
1.2394e-07,1,0
7.2618e-08,1,0
4.1183e-08,1,0
2.2524e-08,1,0
1.1827e-08,1,0
5.93e-09,1,0
2.8201e-09,1,0
1.2611e-09,1,0
5.2428e-10,1,0
1.995e-10,1,0
6.7924e-11,1,0
1.9944e-11,1,0
4.7074e-12,1,0
7.3635e-13,1,0
1.1524e-27,1,0
-4.3052e-14,1,0
-1.4273e-14,1,0
-2.3863e-15,1,0
-1.9053e-16,1,0
-4.6724e-18,1,0
-7.919e-21,1,0
-4.3661e-32,1,0
-2.1008e-21,1,0
-3.6526e-18,1,0
-2.6484e-16,1,0
-5.4523e-15,1,0
-5.6706e-14,1,0
-3.8341e-13,1,0
-1.9258e-12,1,0
-7.778e-12,1,0
-2.6581e-11,1,0
-7.9581e-11,1,0
-2.1395e-10,1,0
-5.26e-10,1,0
-1.1991e-09,1,0
-2.5622e-09,1,0
-5.175e-09,1,0
-9.9479e-09,1,0
-1.8302e-08,1,0
-3.2374e-08,1,0
-5.5271e-08,1,0
-9.1364e-08,1,0
-1.4662e-07,1,0
-2.2897e-07,1,0
-3.486e-07,1,0
-5.1828e-07,1,0
-7.5347e-07,1,0
-1.0723e-06,1,0
-1.4953e-06,1,0
-2.0445e-06,1,0
-2.7423e-06,1,0
-3.609e-06,1,0
-4.6604e-06,1,0
-5.9034e-06,1,0
-7.3305e-06,1,0
-8.913e-06,1,0
-1.0592e-05,1,0
-1.2269e-05,1,0
-1.3789e-05,1,0
-1.4932e-05,1,0
-1.5389e-05,1,0
-1.4747e-05,1,0
-1.2462e-05,1,0
-7.8378e-06,1,0
2.0039e-19,1,0
1.2134e-05,1,0
2.9885e-05,1,0
5.4835e-05,1,0
8.8866e-05,1,0
0.00013418,1,0
0.00019331,1,0
0.00026919,1,0
0.0003651,1,0
0.00048472,1,0
0.00063213,1,0
0.00081177,1,0
0.0010284,1,0
0.0012872,1,0
0.0015935,1,0
0.0019529,1,0
0.0023709,1,0
0.0028532,1,0
0.0034053,1,0
0.0040323,1,0
0.0047389,1,0
0.0055291,1,0
0.0064059,1,0
0.0073711,1,0
0.0084254,1,0
0.0095675,1,0
0.010794,1,0
0.0121,1,0
0.013477,1,0
0.014913,1,0
0.016396,1,0
0.017908,1,0
0.019426,1,0
0.020927,1,0
0.022381,1,0
0.023754,1,0
0.025009,1,0
0.026103,1,0
0.026991,1,0
0.027621,1,0
0.027939,1,0
0.027887,1,0
0.027403,1,0
0.026424,1,0
0.024882,1,0
0.022709,1,0
0.019837,1,0
0.016196,1,0
0.01172,1,0
0.0063418,1,0
-1.2679e-16,1,0
-0.0073638,1,0
-0.015802,1,0
-0.02536,1,0
-0.036076,1,0
-0.047978,1,0
-0.061083,1,0
-0.075397,1,0
-0.090912,1,0
-0.10761,1,0
-0.12545,1,0
-0.14438,1,0
-0.16433,1,0
-0.18523,1,0
-0.20695,1,0
-0.2294,1,0
-0.25241,1,0
-0.27586,1,0
-0.29955,1,0
-0.32331,1,0
-0.34693,1,0
-0.3702,1,0
-0.39289,1,0
-0.41478,1,0
-0.43561,1,0
-0.45514,1,0
-0.47311,1,0
-0.48928,1,0
-0.50339,1,0
-0.51521,1,0
-0.52449,1,0
-0.53102,1,0
-0.53457,1,0
-0.53496,1,0
-0.53202,1,0
-0.52559,1,0
-0.51555,1,0
-0.5018,1,0
-0.48426,1,0
-0.46292,1,0
-0.43775,1,0
-0.40879,1,0
-0.37611,1,0
-0.33981,1,0
-0.30001,1,0
-0.25691,1,0
-0.2107,1,0
-0.16161,1,0
-0.10993,1,0
-0.05595,1,0
-6.6448e-16,1,0
0.057568,1,0
0.11638,1,0
0.17605,1,0
0.23616,1,0
0.29631,1,0
0.35606,1,0
0.415,1,0
0.4727,1,0
0.52874,1,0
0.58272,1,0
0.63425,1,0
0.68295,1,0
0.72848,1,0
0.7705,1,0
0.80873,1,0
0.8429,1,0
0.87278,1,0
0.89818,1,0
0.91894,1,0
0.93496,1,0
0.94617,1,0
0.95252,1,0
0.95404,1,0
0.95078,1,0
0.94282,1,0
0.93031,1,0
0.9134,1,0
0.89229,1,0
0.86723,1,0
0.83847,1,0
0.80631,1,0
0.77104,1,0
0.73302,1,0
0.69257,1,0
0.65006,1,0
0.60585,1,0
0.5603,1,0
0.5138,1,0
0.4667,1,0
0.41935,1,0
0.37211,1,0
0.32531,1,0
0.27926,1,0
0.23426,1,0
0.19058,1,0
0.14849,1,0
0.10819,1,0
0.069903,1,0
0.03379,1,0
-1.398e-15,1,0
-0.031351,1,0
-0.060174,1,0
-0.086408,1,0
-0.11002,1,0
-0.13099,1,0
-0.14935,1,0
-0.16513,1,0
-0.17839,1,0
-0.18921,1,0
-0.19768,1,0
-0.20393,1,0
-0.20807,1,0
-0.21024,1,0
-0.21059,1,0
-0.20926,1,0
-0.20642,1,0
-0.20223,1,0
-0.19683,1,0
-0.19041,1,0
-0.1831,1,0
-0.17505,1,0
-0.16643,1,0
-0.15736,1,0
-0.14797,1,0
-0.13839,1,0
-0.12873,1,0
-0.11909,1,0
-0.10956,1,0
-0.10022,1,0
-0.091158,1,0
-0.082418,1,0
-0.074056,1,0
-0.066113,1,0
-0.05862,1,0
-0.051601,1,0
-0.045071,1,0
-0.039036,1,0
-0.033499,1,0
-0.028453,1,0
-0.023888,1,0
-0.019789,1,0
-0.016137,1,0
-0.01291,1,0
-0.010083,1,0
-0.0076308,1,0
-0.0055247,1,0
-0.0037369,1,0
-0.0022389,1,0
0.00056305,2,400
-1.9655e-17,2,400
-0.00040639,2,400
-0.00068327,2,400
-0.00085506,2,400
-0.00094344,2,400
-0.00096741,2,400
-0.00094329,2,400
-0.00088495,2,400
-0.00080392,2,400
-0.00070958,2,400
-0.0006094,2,400
-0.00050913,2,400
-0.00041303,2,400
-0.00032409,2,400
-0.00024423,2,400
-0.0001745,2,400
-0.00011525,2,400
-6.6301e-05,2,400
-2.7089e-05,2,400
3.227e-06,2,400
2.5652e-05,2,400
4.1272e-05,2,400
5.1188e-05,2,400
5.6467e-05,2,400
5.8098e-05,2,400
5.6977e-05,2,400
5.3884e-05,2,400
4.9481e-05,2,400
4.4313e-05,2,400
3.8815e-05,2,400
3.3316e-05,2,400
2.8057e-05,2,400
2.3202e-05,2,400
1.8848e-05,2,400
1.5043e-05,2,400
1.1795e-05,2,400
9.0809e-06,2,400
6.8614e-06,2,400
5.0834e-06,2,400
3.6881e-06,2,400
2.6163e-06,2,400
1.8108e-06,2,400
1.2193e-06,2,400
7.9564e-07,2,400
5.0037e-07,2,400
3.0075e-07,2,400
1.7044e-07,2,400
8.8838e-08,2,400
4.0334e-08,2,400
1.3439e-08,2,400
-3.4121e-22,2,400
-5.5534e-09,2,400
-6.8595e-09,2,400
-6.1669e-09,2,400
-4.7682e-09,2,400
-3.3322e-09,2,400
-2.1461e-09,2,400
-1.2834e-09,2,400
-7.136e-10,2,400
-3.6783e-10,2,400
-1.7464e-10,2,400
-7.5605e-11,2,400
-2.9412e-11,2,400
-1.0071e-11,2,400
-2.9471e-12,2,400
-7.0561e-13,2,400
-1.2928e-13,2,400
-1.6232e-14,2,400
-1.1422e-15,2,400
-2.9334e-17,2,400
-8.0938e-20,2,400
-5.8647e-27,2,400
-6.4049e-22,2,400
-2.8417e-18,2,400
-2.5581e-16,2,400
-5.6151e-15,2,400
-5.8902e-14,2,400
-3.9147e-13,2,400
-1.9059e-12,2,400
-7.3983e-12,2,400
-2.4158e-11,2,400
-6.8798e-11,2,400
-1.7527e-10,2,400
-4.0692e-10,2,400
-8.729e-10,2,400
-1.7485e-09,2,400
-3.2971e-09,2,400
-5.8899e-09,2,400
-1.0016e-08,2,400
-1.6273e-08,2,400
-2.5324e-08,2,400
-3.7807e-08,2,400
-5.4171e-08,2,400
-7.4419e-08,2,400
-9.7748e-08,2,400
-1.2205e-07,2,400
-1.4325e-07,2,400
-1.5456e-07,2,400
-1.4552e-07,2,400
-1.0097e-07,2,400
5.1064e-21,2,400
1.8514e-07,2,400
4.8989e-07,2,400
9.5803e-07,2,400
1.6418e-06,2,400
2.6011e-06,2,400
3.9026e-06,2,400
5.616e-06,2,400
7.8108e-06,2,400
1.0549e-05,2,400
1.388e-05,2,400
1.7825e-05,2,400
2.237e-05,2,400
2.7446e-05,2,400
3.2917e-05,2,400
3.8553e-05,2,400
4.4016e-05,2,400
4.8834e-05,2,400
5.2377e-05,2,400
5.3842e-05,2,400
5.2226e-05,2,400
4.6318e-05,2,400
3.4686e-05,2,400
1.5677e-05,2,400
-1.2571e-05,2,400
-5.2111e-05,2,400
-0.00010514,2,400
-0.00017396,2,400
-0.00026087,2,400
-0.0003681,2,400
-0.00049768,2,400
-0.00065127,2,400
-0.00083001,2,400
-0.0010343,2,400
-0.0012636,2,400
-0.0015161,2,400
-0.0017886,2,400
-0.0020761,2,400
-0.0023715,2,400
-0.0026654,2,400
-0.0029457,2,400
-0.0031974,2,400
-0.0034023,2,400
-0.0035388,2,400
-0.0035818,2,400
-0.0035023,2,400
-0.0032676,2,400
-0.0028416,2,400
-0.0021843,2,400
-0.0012524,2,400
5.0155e-17,2,400
0.0016217,2,400
0.0036631,2,400
0.0061759,2,400
0.0092118,2,400
0.012822,2,400
0.017056,2,400
0.02196,2,400
0.027575,2,400
0.033938,2,400
0.041078,2,400
0.049014,2,400
0.057758,2,400
0.067308,2,400
0.077649,2,400
0.088755,2,400
0.10058,2,400
0.11307,2,400
0.12615,2,400
0.13972,2,400
0.15367,2,400
0.16789,2,400
0.18222,2,400
0.19652,2,400
0.2106,2,400
0.2243,2,400
0.2374,2,400
0.24972,2,400
0.26105,2,400
0.27117,2,400
0.27989,2,400
0.287,2,400
0.29231,2,400
0.29564,2,400
0.29683,2,400
0.29572,2,400
0.29221,2,400
0.28619,2,400
0.27761,2,400
0.26643,2,400
0.25266,2,400
0.23633,2,400
0.21753,2,400
0.19637,2,400
0.17301,2,400
0.14765,2,400
0.12052,2,400
0.091874,2,400
0.06202,2,400
0.031279,2,400
7.3503e-16,2,400
-0.031449,2,400
-0.062686,2,400
-0.093322,2,400
-0.12296,2,400
-0.15123,2,400
-0.17773,2,400
-0.20211,2,400
-0.22404,2,400
-0.24321,2,400
-0.25934,2,400
-0.2722,2,400
-0.2816,2,400
-0.28741,2,400
-0.28953,2,400
-0.28793,2,400
-0.28263,2,400
-0.27372,2,400
-0.26133,2,400
-0.24564,2,400
-0.22689,2,400
-0.20537,2,400
-0.18142,2,400
-0.15541,2,400
-0.12774,2,400
-0.098846,2,400
-0.069177,2,400
-0.0392,2,400
-0.009386,2,400
0.019796,2,400
0.047887,2,400
0.074446,2,400
0.099056,2,400
0.12133,2,400
0.14092,2,400
0.15752,2,400
0.17087,2,400
0.18077,2,400
0.18705,2,400
0.18963,2,400
0.18846,2,400
0.18356,2,400
0.175,2,400
0.16292,2,400
0.14748,2,400
0.12893,2,400
0.10752,2,400
0.08357,2,400
0.057418,2,400
0.029432,2,400
-9.3683e-16,2,400
-0.030476,2,400
-0.061588,2,400
-0.092926,2,400
-0.12409,2,400
-0.15468,2,400
-0.18434,2,400
-0.21271,2,400
-0.23948,2,400
-0.26434,2,400
-0.28706,2,400
-0.30741,2,400
-0.32522,2,400
-0.34036,2,400
-0.35273,2,400
-0.36229,2,400
-0.36903,2,400
-0.37296,2,400
-0.37417,2,400
-0.37275,2,400
-0.36882,2,400
-0.36254,2,400
-0.3541,2,400
-0.3437,2,400
-0.33153,2,400
-0.31784,2,400
-0.30286,2,400
-0.28681,2,400
-0.26993,2,400
-0.25244,2,400
-0.23458,2,400
-0.21656,2,400
-0.19856,2,400
-0.18077,2,400
-0.16336,2,400
-0.14647,2,400
-0.13023,2,400
-0.11476,2,400
-0.10013,2,400
-0.086429,2,400
-0.073697,2,400
-0.061969,2,400
-0.051263,2,400
-0.04158,2,400
-0.032906,2,400
-0.025217,2,400
-0.018477,2,400
-0.01264,2,400
-0.0076545,2,400
-0.0034619,2,400
2.6752e-16,2,400
0.0027961,2,400
0.0049925,2,400
0.0066554,2,400
0.0078499,2,400
0.0086388,2,400
0.0090822,2,400
0.0092365,2,400
0.009154,2,400
0.0088828,2,400
0.008466,2,400
0.007942,2,400
0.0073445,2,400
0.0067025,2,400
0.0060403,2,400
0.0053782,2,400
0.0047324,2,400
0.0041155,2,400
0.0035368,2,400
0.0030028,2,400
0.0025175,2,400
0.0020827,2,400
0.0016988,2,400
0.0013643,2,400
0.0010769,2,400
0.00083363,2,400
0.00063064,2,400
0.00046397,2,400
0.00032948,2,400
0.00022301,2,400
0.00014056,2,400
7.8342e-05,2,400
3.2871e-05,2,400
9.8945e-07,2,400
-2.0099e-05,2,400
-3.2823e-05,2,400
-3.9255e-05,2,400
-4.1123e-05,2,400
-3.984e-05,2,400
-3.653e-05,2,400
-3.2067e-05,2,400
-2.7104e-05,2,400
-2.2111e-05,2,400
-1.7407e-05,2,400
-1.3188e-05,2,400
-9.5581e-06,2,400
-6.5503e-06,2,400
-4.1483e-06,2,400
-2.3029e-06,2,400
-9.4589e-07,2,400
2.0935e-20,2,400
6.1306e-07,2,400
9.6732e-07,2,400
1.1291e-06,2,400
1.1552e-06,2,400
1.0921e-06,2,400
9.7651e-07,2,400
8.3584e-07,2,400
6.8958e-07,2,400
5.5059e-07,2,400
4.2647e-07,2,400
3.2087e-07,2,400
2.3463e-07,2,400
1.6673e-07,2,400
1.1507e-07,2,400
7.7045e-08,2,400
4.9973e-08,2,400
3.1337e-08,2,400
1.895e-08,2,400
1.1016e-08,2,400
6.1324e-09,2,400
3.2535e-09,2,400
1.6354e-09,2,400
7.7311e-10,2,400
3.4055e-10,2,400
1.3812e-10,2,400
5.0779e-11,2,400
1.6572e-11,2,400
4.6637e-12,2,400
1.0856e-12,2,400
1.9626e-13,2,400
2.4883e-14,2,400
1.8446e-15,2,400
5.4942e-17,2,400
2.4075e-19,2,400
8.1008e-25,2,400
4.8025e-23,2,400
8.0948e-19,2,400
9.6915e-17,2,400
2.3237e-15,2,400
2.4708e-14,2,400
1.5992e-13,2,400
7.3747e-13,2,400
2.6472e-12,2,400
7.797e-12,2,400
1.9435e-11,2,400
4.1589e-11,2,400
7.6101e-11,2,400
1.1458e-10,2,400
1.2113e-10,2,400
-1.9816e-23,2,400
-4.5983e-10,2,400
-1.6727e-09,2,400
-4.388e-09,2,400
-9.8783e-09,2,400
-2.0195e-08,2,400
-3.8499e-08,2,400
-6.948e-08,2,400
-1.1985e-07,2,400
-1.9892e-07,2,400
-3.1923e-07,2,400
-4.9714e-07,2,400
-7.5352e-07,2,400
-1.1142e-06,2,400
-1.6101e-06,2,400
-2.2778e-06,2,400
-3.1582e-06,2,400
-4.2965e-06,2,400
-5.7399e-06,2,400
-7.5355e-06,2,400
-9.7266e-06,2,400
-1.2349e-05,2,400
-1.5424e-05,2,400
-1.8954e-05,2,400
-2.2914e-05,2,400
-2.7245e-05,2,400
-3.1844e-05,2,400
-3.6557e-05,2,400
-4.1173e-05,2,400
-4.5417e-05,2,400
-4.8946e-05,2,400
-5.1355e-05,2,400
-5.2177e-05,2,400
-5.0897e-05,2,400
-4.6974e-05,2,400
-3.9865e-05,2,400
-2.907e-05,2,400
-1.4179e-05,2,400
5.0596e-06,2,400
2.8665e-05,2,400
5.6329e-05,2,400
8.7304e-05,2,400
0.00012029,2,400
0.00015328,2,400
0.00018345,2,400
0.00020696,2,400
0.00021881,2,400
0.00021268,2,400
0.00018077,2,400
0.00011362,2,400
-3.302e-18,2,400
-0.0001732,2,400
-0.00042108,2,400
-0.00076077,2,400
-0.0012114,2,400
-0.0017942,2,400
-0.002532,2,400
-0.0034495,2,400
-0.0045728,2,400
-0.0059289,2,400
-0.0075457,2,400
-0.0094509,2,400
-0.011672,2,400
-0.014235,2,400
-0.017164,2,400
-0.02048,2,400
-0.024202,2,400
-0.028341,2,400
-0.032906,2,400
-0.037897,2,400
-0.043306,2,400
-0.049119,2,400
-0.055311,2,400
-0.061845,2,400
-0.068676,2,400
-0.075747,2,400
-0.082987,2,400
-0.090315,2,400
-0.097638,2,400
-0.10485,2,400
-0.11184,2,400
-0.11847,2,400
-0.12462,2,400
-0.13014,2,400
-0.13488,2,400
-0.13869,2,400
-0.14142,2,400
-0.14292,2,400
-0.14303,2,400
-0.14161,2,400
-0.13854,2,400
-0.13368,2,400
-0.12694,2,400
-0.11824,2,400
-0.10749,2,400
-0.094678,2,400
-0.079772,2,400
-0.062791,2,400
-0.04378,2,400
-0.022813,2,400
1.8481e-15,2,400
0.02452,2,400
0.050573,2,400
0.077957,2,400
0.10644,2,400
0.13576,2,400
0.16562,2,400
0.19574,2,400
0.22577,2,400
0.25539,2,400
0.28425,2,400
0.312,2,400
0.3383,2,400
0.36281,2,400
0.38521,2,400
0.40518,2,400
0.42247,2,400
0.43681,2,400
0.448,2,400
0.45586,2,400
0.46026,2,400
0.46113,2,400
0.45843,2,400
0.45218,2,400
0.44246,2,400
0.42939,2,400
0.41314,2,400
0.39395,2,400
0.37209,2,400
0.34787,2,400
0.32165,2,400
0.29381,2,400
0.26479,2,400
0.23501,2,400
0.20493,2,400
0.175,2,400
0.1457,2,400
0.11748,2,400
0.090767,2,400
0.065984,2,400
0.043518,2,400
0.023722,2,400
0.0069044,2,400
-0.0066691,2,400
-0.016786,2,400
-0.023286,2,400
-0.026067,2,400
-0.025085,2,400
-0.020356,2,400
-0.011951,2,400
2.6664e-16,2,400
0.015312,2,400
0.033751,2,400
0.055034,2,400
0.078839,2,400
0.1048,2,400
0.13254,2,400
0.16164,2,400
0.19167,2,400
0.22219,2,400
0.25277,2,400
0.28296,2,400
0.31235,2,400
0.34053,2,400
0.36712,2,400
0.39177,2,400
0.41417,2,400
0.43403,2,400
0.45113,2,400
0.46527,2,400
0.47631,2,400
0.48416,2,400
0.48876,2,400
0.49012,2,400
0.48827,2,400
0.48331,2,400
0.47536,2,400
0.46458,2,400
0.45117,2,400
0.43534,2,400
0.41735,2,400
0.39746,2,400
0.37595,2,400
0.3531,2,400
0.32921,2,400
0.30458,2,400
0.27947,2,400
0.25418,2,400
0.22896,2,400
0.20406,2,400
0.17971,2,400
0.15612,2,400
0.13348,2,400
0.11193,2,400
0.091615,2,400
0.072645,2,400
0.055101,2,400
0.039042,2,400
0.024501,2,400
0.011491,2,400
-7.9577e-16,2,400
-0.0099989,2,400
-0.018552,2,400
-0.02572,2,400
-0.031577,2,400
-0.036207,2,400
-0.039702,2,400
-0.042159,2,400
-0.043682,2,400
-0.044373,2,400
-0.044336,2,400
-0.043673,2,400
-0.042483,2,400
-0.040859,2,400
-0.038891,2,400
-0.03666,2,400
-0.034242,2,400
-0.031705,2,400
-0.029109,2,400
-0.026506,2,400
-0.023941,2,400
-0.021452,2,400
-0.019068,2,400
-0.016813,2,400
-0.014705,2,400
-0.012754,2,400
-0.010969,2,400
-0.0093521,2,400
-0.0079014,2,400
-0.0066128,2,400
-0.0054797,2,400
-0.0044933,2,400
-0.0036434,2,400
-0.0029189,2,400
-0.0023082,2,400
-0.0017993,2,400
-0.0013806,2,400
-0.0010406,2,400
-0.0007685,2,400
-0.00055432,2,400
-0.00038873,2,400
-0.00026338,2,400
-0.0001708,2,400
-0.00010447,2,400
-5.8739e-05,2,400
-2.8816e-05,2,400
-1.0704e-05,2,400
-1.1222e-06,2,400
2.5606e-06,2,400
2.4094e-06,2,400
-4.8712e-20,2,400
-3.5048e-06,2,400
-7.284e-06,2,400
-1.0792e-05,2,400
-1.3701e-05,2,400
-1.5845e-05,2,400
-1.7182e-05,2,400
-1.7751e-05,2,400
-1.7644e-05,2,400
-1.6982e-05,2,400
-1.5897e-05,2,400
-1.452e-05,2,400
-1.2968e-05,2,400
-1.1344e-05,2,400
-9.7302e-06,2,400
-8.1911e-06,2,400
-6.7707e-06,2,400
-5.4973e-06,2,400
-4.3846e-06,2,400
-3.4352e-06,2,400
-2.6432e-06,2,400
-1.9967e-06,2,400
-1.4801e-06,2,400
-1.0759e-06,2,400
-7.6626e-07,2,400
-5.3422e-07,2,400
-3.6414e-07,2,400
-2.4236e-07,2,400
-1.5724e-07,2,400
-9.9258e-08,2,400
-6.0831e-08,2,400
-3.61e-08,2,400
-2.0682e-08,2,400
-1.1397e-08,2,400
-6.0149e-09,2,400
-3.0245e-09,2,400
-1.4397e-09,2,400
-6.4376e-10,2,400
-2.6773e-10,2,400
-1.0228e-10,2,400
-3.5311e-11,2,400
-1.0782e-11,2,400
-2.826e-12,2,400
-6.0947e-13,2,400
-1.0149e-13,2,400
-1.1792e-14,2,400
-8.0099e-16,2,400
-2.2336e-17,2,400
-1.0507e-19,2,400
-1.8185e-24,2,400
1.2716e-38,2,400
2.4474e-20,2,400
9.4393e-18,2,400
4.3489e-16,2,400
7.3571e-15,2,400
6.9193e-14,2,400
4.42e-13,2,400
2.1453e-12,2,400
8.4787e-12,2,400
2.8563e-11,2,400
8.467e-11,2,400
2.2598e-10,2,400
5.5247e-10,2,400
1.2535e-09,2,400
2.6669e-09,2,400
5.3642e-09,2,400
1.0268e-08,2,400
1.8807e-08,2,400
3.311e-08,2,400
5.6238e-08,2,400
9.2449e-08,2,400
1.4748e-07,2,400
2.2884e-07,2,400
3.4604e-07,2,400
5.1081e-07,2,400
7.3712e-07,2,400
1.0411e-06,2,400
1.4406e-06,2,400
1.9549e-06,2,400
2.603e-06,2,400
3.4032e-06,2,400
4.3702e-06,2,400
5.5139e-06,2,400
6.8361e-06,2,400
8.3279e-06,2,400
9.9666e-06,2,400
1.1713e-05,2,400
1.3509e-05,2,400
1.5276e-05,2,400
1.6914e-05,2,400
1.8305e-05,2,400
1.9315e-05,2,400
1.9804e-05,2,400
1.9635e-05,2,400
1.8693e-05,2,400
1.6906e-05,2,400
1.4273e-05,2,400
1.0902e-05,2,400
7.0508e-06,2,400
3.1772e-06,2,400
-3.1346e-19,2,400
-1.4369e-06,2,400
3.0802e-07,2,400
7.1518e-06,2,400
2.1568e-05,2,400
4.6669e-05,2,400
8.6288e-05,2,400
0.00014506,2,400
0.00022847,2,400
0.00034293,2,400
0.00049583,2,400
0.00069549,2,400
0.00095122,2,400
0.0012732,2,400
0.0016725,2,400
0.0021609,2,400
0.0027505,2,400
0.0034538,2,400
0.0042835,2,400
0.0052517,2,400
0.0063697,2,400
0.0076479,2,400
0.0090947,2,400
0.010716,2,400
0.012516,2,400
0.014495,2,400
0.016647,2,400
0.018964,2,400
0.021433,2,400
0.024031,2,400
0.026733,2,400
0.029505,2,400
0.032304,2,400
0.035082,2,400
0.037782,2,400
0.040338,2,400
0.042677,2,400
0.04472,2,400
0.046378,2,400
0.047559,2,400
0.048163,2,400
0.048088,2,400
0.047228,2,400
0.045477,2,400
0.042729,2,400
0.038882,2,400
0.033836,2,400
0.027501,2,400
0.019794,2,400
0.010646,2,400
5.3372e-16,3,1201
-0.012184,3,1201
-0.025927,3,1201
-0.04123,3,1201
-0.058073,3,1201
-0.076412,3,1201
-0.096176,3,1201
-0.11727,3,1201
-0.13957,3,1201
-0.16294,3,1201
-0.1872,3,1201
-0.21215,3,1201
-0.23758,3,1201
-0.26324,3,1201
-0.28887,3,1201
-0.31421,3,1201
-0.33897,3,1201
-0.36286,3,1201
-0.38558,3,1201
-0.40683,3,1201
-0.42634,3,1201
-0.44382,3,1201
-0.45901,3,1201
-0.47168,3,1201
-0.48161,3,1201
-0.48862,3,1201
-0.49255,3,1201
-0.49331,3,1201
-0.49082,3,1201
-0.48505,3,1201
-0.47603,3,1201
-0.46383,3,1201
-0.44857,3,1201
-0.4304,3,1201
-0.40955,3,1201
-0.38626,3,1201
-0.36083,3,1201
-0.33359,3,1201
-0.30491,3,1201
-0.27518,3,1201
-0.24482,3,1201
-0.21426,3,1201
-0.18393,3,1201
-0.15429,3,1201
-0.12576,3,1201
-0.098768,3,1201
-0.073721,3,1201
-0.050995,3,1201
-0.030936,3,1201
-0.01385,3,1201
9.5021e-17,3,1201
0.010401,3,1201
0.017193,3,1201
0.02027,3,1201
0.019586,3,1201
0.01515,3,1201
0.0070337,3,1201
-0.0046356,3,1201
-0.019674,3,1201
-0.037846,3,1201
-0.058866,3,1201
-0.082405,3,1201
-0.10809,3,1201
-0.13553,3,1201
-0.1643,3,1201
-0.19394,3,1201
-0.224,3,1201
-0.25403,3,1201
-0.28355,3,1201
-0.31214,3,1201
-0.33935,3,1201
-0.36478,3,1201
-0.38806,3,1201
-0.40884,3,1201
-0.42685,3,1201
-0.44181,3,1201
-0.45353,3,1201
-0.46185,3,1201
-0.46667,3,1201
-0.46794,3,1201
-0.46567,3,1201
-0.4599,3,1201
-0.45074,3,1201
-0.43834,3,1201
-0.42288,3,1201
-0.40459,3,1201
-0.38374,3,1201
-0.36059,3,1201
-0.33548,3,1201
-0.30872,3,1201
-0.28066,3,1201
-0.25163,3,1201
-0.22199,3,1201
-0.19206,3,1201
-0.16218,3,1201
-0.13267,3,1201
-0.10381,3,1201
-0.075885,3,1201
-0.049133,3,1201
-0.023775,3,1201
1.431e-15,3,1201
0.022035,3,1201
0.042205,3,1201
0.060416,3,1201
0.076606,3,1201
0.090745,3,1201
0.10283,3,1201
0.11289,3,1201
0.12096,3,1201
0.12713,3,1201
0.13149,3,1201
0.13414,3,1201
0.13521,3,1201
0.13483,3,1201
0.13315,3,1201
0.13031,3,1201
0.12646,3,1201
0.12176,3,1201
0.11634,3,1201
0.11036,3,1201
0.10395,3,1201
0.097237,3,1201
0.09034,3,1201
0.083369,3,1201
0.076422,3,1201
0.069585,3,1201
0.062933,3,1201
0.056529,3,1201
0.050424,3,1201
0.04466,3,1201
0.039267,3,1201
0.034265,3,1201
0.029666,3,1201
0.025473,3,1201
0.021685,3,1201
0.018292,3,1201
0.015278,3,1201
0.012627,3,1201
0.010316,3,1201
0.0083214,3,1201
0.0066174,3,1201
0.0051777,3,1201
0.0039757,3,1201
0.002985,3,1201
0.00218,3,1201
0.0015364,3,1201
0.0010314,3,1201
0.00064363,3,1201
0.00035378,3,1201
0.00014441,3,1201
-1.3643e-17,3,1201
-9.3009e-05,3,1201
-0.00014633,3,1201
-0.00016991,3,1201
-0.00017204,3,1201
-0.00015953,3,1201
-0.00013782,3,1201
-0.00011116,3,1201
-8.2779e-05,3,1201
-5.5004e-05,3,1201
-2.9439e-05,3,1201
-7.0863e-06,3,1201
1.1529e-05,3,1201
2.6245e-05,3,1201
3.717e-05,3,1201
4.4597e-05,3,1201
4.8941e-05,3,1201
5.0677e-05,3,1201
5.0302e-05,3,1201
4.83e-05,3,1201
4.512e-05,3,1201
4.1161e-05,3,1201
3.6764e-05,3,1201
3.2206e-05,3,1201
2.7708e-05,3,1201
2.343e-05,3,1201
1.9486e-05,3,1201
1.5943e-05,3,1201
1.2834e-05,3,1201
1.0166e-05,3,1201
7.9216e-06,3,1201
6.0704e-06,3,1201
4.5726e-06,3,1201
3.3836e-06,3,1201
2.4577e-06,3,1201
1.7508e-06,3,1201
1.2217e-06,3,1201
8.3392e-07,3,1201
5.5592e-07,3,1201
3.6121e-07,3,1201
2.2818e-07,3,1201
1.3972e-07,3,1201
8.261e-08,3,1201
4.6922e-08,3,1201
2.5427e-08,3,1201
1.3016e-08,3,1201
6.1983e-09,3,1201
2.6725e-09,3,1201
9.8539e-10,3,1201
2.6093e-10,3,1201
2.4635e-23,4,1401
6.7597e-11,4,1401
5.9728e-11,4,1401
3.673e-11,4,1401
1.8366e-11,4,1401
7.7268e-12,4,1401
2.729e-12,4,1401
7.8972e-13,4,1401
1.7861e-13,4,1401
2.9093e-14,4,1401
2.9498e-15,4,1401
1.3941e-16,4,1401
1.521e-18,4,1401
2.6062e-22,4,1401
2.5664e-26,4,1401
9.7981e-20,4,1401
3.2492e-17,4,1401
1.2735e-15,4,1401
1.8751e-14,4,1401
1.5683e-13,4,1401
9.0621e-13,4,1401
4.0326e-12,4,1401
1.4768e-11,4,1401
4.6489e-11,4,1401
1.2966e-10,4,1401
3.2745e-10,4,1401
7.6097e-10,4,1401
1.6476e-09,4,1401
3.3554e-09,4,1401
6.4772e-09,4,1401
1.1924e-08,4,1401
2.1038e-08,4,1401
3.5718e-08,4,1401
5.8549e-08,4,1401
9.2913e-08,4,1401
1.4306e-07,4,1401
2.1408e-07,4,1401
3.1178e-07,4,1401
4.423e-07,4,1401
6.115e-07,4,1401
8.2395e-07,4,1401
1.0814e-06,4,1401
1.3806e-06,4,1401
1.7106e-06,4,1401
2.0485e-06,4,1401
2.3553e-06,4,1401
2.5688e-06,4,1401
2.5972e-06,4,1401
2.3093e-06,4,1401
1.5244e-06,4,1401
-3.927e-23,4,1401
-2.582e-06,4,1401
-6.6306e-06,4,1401
-1.2663e-05,4,1401
-2.1321e-05,4,1401
-3.3393e-05,4,1401
-4.983e-05,4,1401
-7.1767e-05,4,1401
-0.00010054,4,1401
-0.00013771,4,1401
-0.00018505,4,1401
-0.0002446,4,1401
-0.00031864,4,1401
-0.00040969,4,1401
-0.00052052,4,1401
-0.00065412,4,1401
-0.00081367,4,1401
-0.0010025,4,1401
-0.0012241,4,1401
-0.0014818,4,1401
-0.0017793,4,1401
-0.0021196,4,1401
-0.0025059,4,1401
-0.0029407,4,1401
-0.0034262,4,1401
-0.0039636,4,1401
-0.0045535,4,1401
-0.0051953,4,1401
-0.0058868,4,1401
-0.0066247,4,1401
-0.0074037,4,1401
-0.0082164,4,1401
-0.0090534,4,1401
-0.0099028,4,1401
-0.01075,4,1401
-0.011577,4,1401
-0.012364,4,1401
-0.013087,4,1401
-0.013718,4,1401
-0.014228,4,1401
-0.014582,4,1401
-0.014744,4,1401
-0.014673,4,1401
-0.014325,4,1401
-0.013654,4,1401
-0.012612,4,1401
-0.011147,4,1401
-0.0092068,4,1401
-0.0067382,4,1401
-0.0036872,4,1401
2.197e-16,4,1401
0.0043757,4,1401
0.0094903,4,1401
0.015391,4,1401
0.022122,4,1401
0.029721,4,1401
0.03822,4,1401
0.047645,4,1401
0.058013,4,1401
0.06933,4,1401
0.081595,4,1401
0.094792,4,1401
0.1089,4,1401
0.12387,4,1401
0.13965,4,1401
0.15618,4,1401
0.17338,4,1401
0.19114,4,1401
0.20935,4,1401
0.22789,4,1401
0.24661,4,1401
0.26536,4,1401
0.28397,4,1401
0.30225,4,1401
0.32001,4,1401
0.33706,4,1401
0.35317,4,1401
0.36814,4,1401
0.38173,4,1401
0.39374,4,1401
0.40393,4,1401
0.41209,4,1401
0.418,4,1401
0.42147,4,1401
0.42229,4,1401
0.4203,4,1401
0.41532,4,1401
0.40721,4,1401
0.39585,4,1401
0.38114,4,1401
0.36302,4,1401
0.34144,4,1401
0.31638,4,1401
0.28787,4,1401
0.25596,4,1401
0.22072,4,1401
0.18229,4,1401
0.14079,4,1401
0.096434,4,1401
0.04942,4,1401
-5.5187e-15,4,1401
-0.051551,4,1401
-0.10493,4,1401
-0.1598,4,1401
-0.21583,4,1401
-0.27263,4,1401
-0.32982,4,1401
-0.38701,4,1401
-0.44378,4,1401
-0.49973,4,1401
-0.55445,4,1401
-0.60751,4,1401
-0.65854,4,1401
-0.70713,4,1401
-0.75291,4,1401
-0.79553,4,1401
-0.83467,4,1401
-0.87001,4,1401
-0.9013,4,1401
-0.92828,4,1401
-0.95076,4,1401
-0.96856,4,1401
-0.98158,4,1401
-0.98971,4,1401
-0.99292,4,1401
-0.9912,4,1401
-0.9846,4,1401
-0.97319,4,1401
-0.95711,4,1401
-0.9365,4,1401
-0.91156,4,1401
-0.88253,4,1401
-0.84967,4,1401
-0.81327,4,1401
-0.77365,4,1401
-0.73114,4,1401
-0.68611,4,1401
-0.63892,4,1401
-0.58995,4,1401
-0.5396,4,1401
-0.48825,4,1401
-0.43629,4,1401
-0.38411,4,1401
-0.33208,4,1401
-0.28055,4,1401
-0.22989,4,1401
-0.1804,4,1401
-0.1324,4,1401
-0.086168,4,1401
-0.041959,4,1401
6.6774e-15,4,1401
0.03951,4,1401
0.076404,4,1401
0.11054,4,1401
0.14182,4,1401
0.17015,4,1401
0.19549,4,1401
0.21783,4,1401
0.23717,4,1401
0.25355,4,1401
0.26703,4,1401
0.27769,4,1401
0.28564,4,1401
0.29099,4,1401
0.29389,4,1401
0.29449,4,1401
0.29296,4,1401
0.28947,4,1401
0.28419,4,1401
0.27732,4,1401
0.26903,4,1401
0.25952,4,1401
0.24897,4,1401
0.23756,4,1401
0.22547,4,1401
0.21285,4,1401
0.19988,4,1401
0.1867,4,1401
0.17345,4,1401
0.16025,4,1401
0.14722,4,1401
0.13447,4,1401
0.12208,4,1401
0.11013,4,1401
0.098698,4,1401
0.087825,4,1401
0.077559,4,1401
0.067929,4,1401
0.058959,4,1401
0.050661,4,1401
0.043036,4,1401
0.036081,4,1401
0.029783,4,1401
0.024125,4,1401
0.019083,4,1401
0.014629,4,1401
0.010732,4,1401
0.007357,4,1401
0.0044686,4,1401
0.0020291,4,1401
1.4282e-17,4,1401
-0.0016568,4,1401
-0.0029791,4,1401
-0.0040039,4,1401
-0.0047666,4,1401
-0.0053011,4,1401
-0.0056394,4,1401
-0.0058114,4,1401
-0.0058445,4,1401
-0.005764,4,1401
-0.0055928,4,1401
-0.005351,4,1401
-0.0050569,4,1401
-0.0047261,4,1401
-0.0043722,4,1401
-0.0040066,4,1401
-0.003639,4,1401
-0.003277,4,1401
-0.002927,4,1401
-0.0025935,4,1401
-0.0022802,4,1401
-0.0019893,4,1401
-0.0017223,4,1401
-0.0014797,4,1401
-0.0012616,4,1401
-0.0010673,4,1401
-0.00089585,4,1401
-0.00074592,4,1401
-0.00061599,4,1401
-0.00050441,4,1401
-0.00040944,4,1401
-0.00032934,4,1401
-0.00026242,4,1401
-0.00020703,4,1401
-0.00016163,4,1401
-0.0001248,4,1401
-9.5224e-05,4,1401
-7.1741e-05,4,1401
-5.3309e-05,4,1401
-3.902e-05,4,1401
-2.8088e-05,4,1401
-1.9842e-05,4,1401
-1.3718e-05,4,1401
-9.2479e-06,4,1401
-6.0468e-06,4,1401
-3.8041e-06,4,1401
-2.2724e-06,4,1401
-1.2581e-06,4,1401
-6.1162e-07,4,1401
-2.2016e-07,4,1401
7.3197e-21,4,1401
1.0943e-07,4,1401
1.5082e-07,4,1401
1.5333e-07,4,1401
1.3612e-07,4,1401
1.1113e-07,4,1401
8.5304e-08,4,1401
6.2238e-08,4,1401
4.3398e-08,4,1401
2.8993e-08,4,1401
1.8568e-08,4,1401
1.1389e-08,4,1401
6.6764e-09,4,1401
3.7285e-09,4,1401
1.9745e-09,4,1401
9.857e-10,4,1401
4.6024e-10,4,1401
1.9896e-10,4,1401
7.8577e-11,4,1401
2.785e-11,4,1401
8.6447e-12,4,1401
2.2701e-12,4,1401
4.7921e-13,4,1401
7.5066e-14,4,1401
7.6181e-15,4,1401
3.8657e-16,4,1401
5.3842e-18,4,1401
2.6384e-21,4,1401
8.4698e-30,4,1401
3.1179e-20,4,1401
1.7763e-17,4,1401
8.2194e-16,4,1401
1.284e-14,4,1401
1.0886e-13,4,1401
6.2255e-13,4,1401
2.7011e-12,4,1401
9.5438e-12,4,1401
2.8744e-11,4,1401
7.6124e-11,4,1401
1.8117e-10,4,1401
3.9359e-10,4,1401
7.8927e-10,4,1401
1.4722e-09,4,1401
2.5662e-09,4,1401
4.187e-09,4,1401
6.3797e-09,4,1401
9.0034e-09,4,1401
1.1535e-08,4,1401
1.276e-08,4,1401
1.0311e-08,4,1401
-1.6498e-21,4,1401
-2.5105e-08,4,1401
-7.5921e-08,4,1401
-1.6898e-07,4,1401
-3.2851e-07,4,1401
-5.8904e-07,4,1401
-9.9855e-07,4,1401
-1.6223e-06,4,1401
-2.5473e-06,4,1401
-3.8872e-06,4,1401
-5.7885e-06,4,1401
-8.4363e-06,4,1401
-1.2061e-05,4,1401
-1.6947e-05,4,1401
-2.3435e-05,4,1401
-3.1937e-05,4,1401
-4.2932e-05,4,1401
-5.6981e-05,4,1401
-7.4722e-05,4,1401
-9.6878e-05,4,1401
-0.00012425,4,1401
-0.00015772,4,1401
-0.00019822,4,1401
-0.00024674,4,1401
-0.00030431,4,1401
-0.00037195,4,1401
-0.00045063,4,1401
-0.00054126,4,1401
-0.00064461,4,1401
-0.00076125,4,1401
-0.00089149,4,1401
-0.0010353,4,1401
-0.0011921,4,1401
-0.001361,4,1401
-0.0015401,4,1401
-0.0017271,4,1401
-0.0019186,4,1401
-0.0021101,4,1401
-0.0022962,4,1401
-0.0024698,4,1401
-0.0026229,4,1401
-0.0027455,4,1401
-0.0028263,4,1401
-0.002852,4,1401
-0.0028078,4,1401
-0.0026766,4,1401
-0.00244,4,1401
-0.0020772,4,1401
-0.001566,4,1401
-0.00088211,4,1401
1.5447e-16,4,1401
0.0011074,4,1401
0.0024684,4,1401
0.0041119,4,1401
0.0060676,4,1401
0.008365,4,1401
0.011033,4,1401
0.014101,4,1401
0.017595,4,1401
0.02154,4,1401
0.025958,4,1401
0.030868,4,1401
0.036283,4,1401
0.042214,4,1401
0.048663,4,1401
0.055629,4,1401
0.0631,4,1401
0.07106,4,1401
0.079481,4,1401
0.088329,4,1401
0.097557,4,1401
0.10711,4,1401
0.11692,4,1401
0.12692,4,1401
0.13701,4,1401
0.1471,4,1401
0.15708,4,1401
0.16684,4,1401
0.17623,4,1401
0.18513,4,1401
0.1934,4,1401
0.20088,4,1401
0.20741,4,1401
0.21284,4,1401
0.217,4,1401
0.21973,4,1401
0.22087,4,1401
0.22025,4,1401
0.21774,4,1401
0.21317,4,1401
0.20641,4,1401
0.19734,4,1401
0.18586,4,1401
0.17186,4,1401
0.15527,4,1401
0.13604,4,1401
0.11414,4,1401
0.089554,4,1401
0.062301,4,1401
0.032426,4,1401
5.2437e-16,4,1401
-0.034879,4,1401
-0.072083,4,1401
-0.11146,4,1401
-0.15282,4,1401
-0.19595,4,1401
-0.24062,4,1401
-0.28656,4,1401
-0.3335,4,1401
-0.38112,4,1401
-0.4291,4,1401
-0.47709,4,1401
-0.52475,4,1401
-0.57172,4,1401
-0.61761,4,1401
-0.66207,4,1401
-0.70472,4,1401
-0.74519,4,1401
-0.78313,4,1401
-0.8182,4,1401
-0.85007,4,1401
-0.87843,4,1401
-0.903,4,1401
-0.92353,4,1401
-0.93978,4,1401
-0.95157,4,1401
-0.95874,4,1401
-0.96118,4,1401
-0.95879,4,1401
-0.95155,4,1401
-0.93945,4,1401
-0.92253,4,1401
-0.90088,4,1401
-0.87463,4,1401
-0.84394,4,1401
-0.80902,4,1401
-0.77009,4,1401
-0.72745,4,1401
-0.68138,4,1401
-0.63223,4,1401
-0.58035,4,1401
-0.52612,4,1401
-0.46994,4,1401
-0.41221,4,1401
-0.35335,4,1401
-0.29379,4,1401
-0.23395,4,1401
-0.17424,4,1401
-0.11508,4,1401
-0.056875,4,1401
2.1885e-15,4,1401
0.055176,4,1401
0.10831,4,1401
0.15909,4,1401
0.20721,4,1401
0.25243,4,1401
0.29452,4,1401
0.33327,4,1401
0.36853,4,1401
0.40018,4,1401
0.42813,4,1401
0.45231,4,1401
0.47272,4,1401
0.48937,4,1401
0.5023,4,1401
0.51159,4,1401
0.51735,4,1401
0.5197,4,1401
0.51881,4,1401
0.51485,4,1401
0.50802,4,1401
0.49853,4,1401
0.4866,4,1401
0.47248,4,1401
0.45639,4,1401
0.4386,4,1401
0.41934,4,1401
0.39887,4,1401
0.37742,4,1401
0.35524,4,1401
0.33255,4,1401
0.30957,4,1401
0.2865,4,1401
0.26355,4,1401
0.24088,4,1401
0.21867,4,1401
0.19705,4,1401
0.17616,4,1401
0.1561,4,1401
0.13698,4,1401
0.11888,4,1401
0.10185,4,1401
0.085941,4,1401
0.071185,4,1401
0.057597,4,1401
0.045182,4,1401
0.03393,4,1401
0.02382,4,1401
0.014822,4,1401
0.0068979,4,1401
-5.993e-16,4,1401
-0.0059241,4,1401
-0.010932,4,1401
-0.015086,4,1401
-0.01845,4,1401
-0.02109,4,1401
-0.023073,4,1401
-0.024465,4,1401
-0.025332,4,1401
-0.025738,4,1401
-0.025745,4,1401
-0.025409,4,1401
-0.024788,4,1401
-0.023931,4,1401
-0.022888,4,1401
-0.021701,4,1401
-0.020409,4,1401
-0.019048,4,1401
-0.017648,4,1401
-0.016237,4,1401
-0.014837,4,1401
-0.013467,4,1401
-0.012145,4,1401
-0.010881,4,1401
-0.0096852,4,1401
-0.0085654,4,1401
-0.0075257,4,1401
-0.0065685,4,1401
-0.0056945,4,1401
-0.0049029,4,1401
-0.0041915,4,1401
-0.0035572,4,1401
-0.002996,4,1401
-0.0025033,4,1401
-0.0020742,4,1401
-0.0017034,4,1401
-0.0013858,4,1401
-0.0011159,4,1401
-0.00088866,4,1401
-0.0006991,4,1401
-0.00054251,4,1401
-0.00041451,4,1401
-0.00031105,4,1401
-0.00022846,4,1401
-0.00016341,4,1401
-0.00011295,4,1401
-7.4485e-05,4,1401
-4.5755e-05,4,1401
-2.482e-05,4,1401
-1.0029e-05,4,1401
1.1927e-18,4,1401
6.4104e-06,4,1401
1.0136e-05,4,1401
1.1924e-05,4,1401
1.2368e-05,4,1401
1.1923e-05,4,1401
1.0936e-05,4,1401
9.661e-06,4,1401
8.2782e-06,4,1401
6.9106e-06,4,1401
5.6358e-06,4,1401
4.4982e-06,4,1401
3.5174e-06,4,1401
2.6963e-06,4,1401
2.0267e-06,4,1401
1.4936e-06,4,1401
1.0788e-06,4,1401
7.6332e-07,4,1401
5.2863e-07,4,1401
3.5795e-07,4,1401
2.3669e-07,4,1401
1.5259e-07,4,1401
9.5739e-08,4,1401
5.8329e-08,4,1401
3.4418e-08,4,1401
1.9609e-08,4,1401
1.0746e-08,4,1401
5.6401e-09,4,1401
2.8195e-09,4,1401
1.3336e-09,4,1401
5.9191e-10,4,1401
2.4399e-10,4,1401
9.2161e-11,4,1401
3.1343e-11,4,1401
9.3717e-12,4,1401
2.3832e-12,4,1401
4.91e-13,4,1401
7.6044e-14,4,1401
7.8145e-15,4,1401
4.2235e-16,4,1401
7.1621e-18,4,1401
7.5734e-21,4,1401
1.4168e-35,4,1401
2.9743e-21,4,1401
3.1539e-18,4,1401
1.6191e-16,4,1401
2.3807e-15,4,1401
1.698e-14,4,1401
7.1028e-14,4,1401
1.6728e-13,4,1401
-1.2954e-25,4,1401
-2.0772e-12,4,1401
-1.19e-11,4,1401
-4.6134e-11,4,1401
-1.4599e-10,4,1401
-4.0314e-10,4,1401
-1.0051e-09,4,1401
-2.3103e-09,4,1401
-4.9658e-09,4,1401
-1.0084e-08,4,1401
-1.9501e-08,4,1401
-3.6128e-08,4,1401
-6.444e-08,4,1401
-1.1111e-07,4,1401
-1.8581e-07,4,1401
-3.0223e-07,4,1401
-4.7929e-07,4,1401
-7.4255e-07,4,1401
-1.1259e-06,4,1401
-1.6734e-06,4,1401
-2.441e-06,4,1401
-3.499e-06,4,1401
-4.9336e-06,4,1401
-6.8488e-06,4,1401
-9.368e-06,4,1401
-1.2634e-05,4,1401
-1.6811e-05,4,1401
-2.2081e-05,4,1401
-2.8641e-05,4,1401
-3.67e-05,4,1401
-4.6471e-05,4,1401
-5.8163e-05,4,1401
-7.1963e-05,4,1401
-8.8026e-05,4,1401
-0.00010645,4,1401
-0.00012724,4,1401
-0.00015032,4,1401
-0.00017542,4,1401
-0.00020213,4,1401
-0.00022978,4,1401
-0.00025741,4,1401
-0.00028374,4,1401
-0.00030707,4,1401
-0.00032525,4,1401
-0.00033561,4,1401
-0.00033486,4,1401
-0.00031907,4,1401
-0.00028356,4,1401
-0.00022289,4,1401
-0.00013076,4,1401
4.768e-18,4,1401
0.00017749,4,1401
0.00041074,4,1401
0.00070971,4,1401
0.0010853,4,1401
0.0015492,4,1401
0.002114,4,1401
0.0027929,4,1401
0.0035999,4,1401
0.0045489,4,1401
0.0056546,4,1401
0.0069313,4,1401
0.0083929,4,1401
0.010053,4,1401
0.011924,4,1401
0.014017,4,1401
0.016341,4,1401
0.018904,4,1401
0.02171,4,1401
0.024759,4,1401
0.02805,4,1401
0.031577,4,1401
0.035326,4,1401
0.039284,4,1401
0.043426,4,1401
0.047727,4,1401
0.05215,4,1401
0.056655,4,1401
0.061194,4,1401
0.065713,4,1401
0.070148,4,1401
0.07443,4,1401
0.078484,4,1401
0.082226,4,1401
0.085566,4,1401
0.08841,4,1401
0.090657,4,1401
0.092202,4,1401
0.092937,4,1401
0.092751,4,1401
0.091532,4,1401
0.08917,4,1401
0.085553,4,1401
0.080574,4,1401
0.074131,4,1401
0.066128,4,1401
0.056477,4,1401
0.045098,4,1401
0.031926,4,1401
0.016906,4,1401
-5.5716e-15,4,1401
-0.018815,4,1401
-0.039543,4,1401
-0.062171,4,1401
-0.086662,4,1401
-0.11296,4,1401
-0.14099,4,1401
-0.17064,4,1401
-0.2018,4,1401
-0.23431,4,1401
-0.26801,4,1401
-0.30271,4,1401
-0.33818,4,1401
-0.3742,4,1401
-0.41052,4,1401
-0.44687,4,1401
-0.48295,4,1401
-0.51849,4,1401
-0.55317,4,1401
-0.58667,4,1401
-0.61869,4,1401
-0.64891,4,1401
-0.67701,4,1401
-0.70268,4,1401
-0.72562,4,1401
-0.74556,4,1401
-0.76221,4,1401
-0.77533,4,1401
-0.78469,4,1401
-0.79009,4,1401
-0.79137,4,1401
-0.78837,4,1401
-0.78099,4,1401
-0.76917,4,1401
-0.75286,4,1401
-0.73207,4,1401
-0.70684,4,1401
-0.67727,4,1401
-0.64346,4,1401
-0.60558,4,1401
-0.56384,4,1401
-0.51845,4,1401
-0.4697,4,1401
-0.41789,4,1401
-0.36334,4,1401
-0.30641,4,1401
-0.24749,4,1401
-0.18696,4,1401
-0.12526,4,1401
-0.06279,4,1401
8.819e-15,4,1401
0.062679,4,1401
0.12481,4,1401
0.18597,4,1401
0.24574,4,1401
0.30371,4,1401
0.35949,4,1401
0.41273,4,1401
0.46308,4,1401
0.51024,4,1401
0.55391,4,1401
0.59386,4,1401
0.62987,4,1401
0.66177,4,1401
0.68943,4,1401
0.71274,4,1401
0.73165,4,1401
0.74614,4,1401
0.75623,4,1401
0.76198,4,1401
0.76347,4,1401
0.76084,4,1401
0.75423,4,1401
0.74385,4,1401
0.72989,4,1401
0.7126,4,1401
0.69224,4,1401
0.66908,4,1401
0.64341,4,1401
0.61552,4,1401
0.58572,4,1401
0.55433,4,1401
0.52165,4,1401
0.48798,4,1401
0.45364,4,1401
0.4189,4,1401
0.38406,4,1401
0.34937,4,1401
0.31509,4,1401
0.28146,4,1401
0.24868,4,1401
0.21696,4,1401
0.18646,4,1401
0.15733,4,1401
0.12971,4,1401
0.1037,4,1401
0.079384,4,1401
0.056824,4,1401
0.036062,4,1401
0.01712,4,1401
5.0526e-16,4,1401
-0.015312,4,1401
-0.028848,4,1401
-0.040655,4,1401
-0.05079,4,1401
-0.059326,4,1401
-0.066343,4,1401
-0.071931,4,1401
-0.076184,4,1401
-0.079202,4,1401
-0.081091,4,1401
-0.081956,4,1401
-0.081903,4,1401
-0.081036,4,1401
-0.079461,4,1401
-0.077277,4,1401
-0.074581,4,1401
-0.071465,4,1401
-0.068015,4,1401
-0.064312,4,1401
-0.06043,4,1401
-0.056437,4,1401
-0.052393,4,1401
-0.048354,4,1401
-0.044366,4,1401
-0.04047,4,1401
-0.036701,4,1401
-0.033087,4,1401
-0.029651,4,1401
-0.02641,4,1401
-0.023376,4,1401
-0.020558,4,1401
-0.017958,4,1401
-0.015577,4,1401
-0.013413,4,1401
-0.011459,4,1401
-0.0097077,4,1401
-0.0081501,4,1401
-0.0067749,4,1401
-0.0055704,4,1401
-0.0045239,4,1401
-0.0036225,4,1401
-0.0028531,4,1401
-0.0022028,4,1401
-0.0016589,4,1401
-0.0012094,4,1401
-0.00084278,4,1401
-0.00054813,4,1401
-0.00031545,4,1401
-0.00013553,4,1401
2.8929e-17,4,1401
9.8642e-05,4,1401
0.00016707,4,1401
0.00021116,4,1401
0.00023599,4,1401
0.00024594,4,1401
0.0002447,4,1401
0.00023536,4,1401
0.00022047,4,1401
0.00020207,4,1401
0.00018178,4,1401
0.00016085,4,1401
0.00014021,4,1401
0.00012053,4,1401
0.00010226,4,1401
8.5667e-05,4,1401
7.0892e-05,4,1401
5.7961e-05,4,1401
4.6823e-05,4,1401
3.7373e-05,4,1401
2.9471e-05,4,1401
2.2954e-05,4,1401
1.7654e-05,4,1401
1.3402e-05,4,1401
1.0039e-05,4,1401
7.415e-06,4,1401
5.3979e-06,4,1401
3.8699e-06,4,1401
2.7302e-06,4,1401
1.8936e-06,4,1401
1.2898e-06,4,1401
8.6177e-07,4,1401
5.64e-07,4,1401
3.6099e-07,4,1401
2.2555e-07,4,1401
1.3729e-07,4,1401
8.1199e-08,4,1401
4.6534e-08,4,1401
2.5752e-08,4,1401
1.3706e-08,4,1401
6.9806e-09,4,1401
3.3819e-09,4,1401
1.5468e-09,4,1401
6.6146e-10,4,1401
2.6113e-10,4,1401
9.353e-11,4,1401
2.9634e-11,4,1401
7.9778e-12,4,1401
1.6921e-12,4,1401
2.3128e-13,4,1401
-4.0521e-27,4,1401
-8.9407e-15,4,1401
-2.1066e-15,4,1401
-2.0702e-16,4,1401
-6.4364e-18,4,1401
-1.8269e-20,4,1401
-2.8508e-28,4,1401
-4.8961e-22,4,1401
-1.7725e-18,4,1401
-1.6165e-16,4,1401
-3.7351e-15,4,1401
-4.1701e-14,4,1401
-2.9605e-13,4,1401
-1.5416e-12,4,1401
-6.403e-12,4,1401
-2.2381e-11,4,1401
-6.8273e-11,4,1401
-1.8649e-10,4,1401
-4.6486e-10,4,1401
-1.0727e-09,4,1401
-2.317e-09,4,1401
-4.726e-09,4,1401
-9.167e-09,4,1401
-1.7007e-08,4,1401
-3.0319e-08,4,1401
-5.2146e-08,4,1401
-8.6811e-08,4,1401
-1.4027e-07,4,1401
-2.2051e-07,4,1401
-3.3793e-07,4,1401
-5.0569e-07,4,1401
-7.4e-07,4,1401
-1.0602e-06,4,1401
-1.4885e-06,4,1401
-2.0498e-06,4,1401
-2.77e-06,4,1401
-3.675e-06,4,1401
-4.7872e-06,4,1401
-6.1229e-06,4,1401
-7.6863e-06,4,1401
-9.4636e-06,4,1401
-1.1415e-05,4,1401
-1.3463e-05,4,1401
-1.5482e-05,4,1401
-1.7282e-05,4,1401
-1.8594e-05,4,1401
-1.9045e-05,4,1401
-1.8143e-05,4,1401
-1.5246e-05,4,1401
-9.5377e-06,4,1401
-1.1085e-18,5,2401
1.4619e-05,5,2401
3.5834e-05,5,2401
6.5456e-05,5,2401
0.00010562,5,2401
0.00015881,5,2401
0.00022788,5,2401
0.0003161,5,2401
0.00042713,5,2401
0.00056503,5,2401
0.00073431,5,2401
0.00093981,5,2401
0.0011868,5,2401
0.0014807,5,2401
0.0018275,5,2401
0.002233,5,2401
0.0027032,5,2401
0.003244,5,2401
0.0038613,5,2401
0.0045603,5,2401
0.0053457,5,2401
0.0062215,5,2401
0.0071906,5,2401
0.0082546,5,2401
0.0094135,5,2401
0.010666,5,2401
0.012007,5,2401
0.01343,5,2401
0.014927,5,2401
0.016485,5,2401
0.018088,5,2401
0.019717,5,2401
0.021348,5,2401
0.022954,5,2401
0.024504,5,2401
0.025961,5,2401
0.027284,5,2401
0.028429,5,2401
0.029346,5,2401
0.029981,5,2401
0.030277,5,2401
0.030172,5,2401
0.029603,5,2401
0.0285,5,2401
0.026796,5,2401
0.02442,5,2401
0.0213,5,2401
0.017366,5,2401
0.012548,5,2401
0.0067806,5,2401
-1.3679e-15,5,2401
-0.0078517,5,2401
-0.016827,5,2401
-0.026969,5,2401
-0.038315,5,2401
-0.050889,5,2401
-0.064707,5,2401
-0.07977,5,2401
-0.096067,5,2401
-0.11357,5,2401
-0.13224,5,2401
-0.15201,5,2401
-0.17282,5,2401
-0.19456,5,2401
-0.21714,5,2401
-0.24041,5,2401
-0.26423,5,2401
-0.28845,5,2401
-0.31288,5,2401
-0.33732,5,2401
-0.36158,5,2401
-0.38542,5,2401
-0.40861,5,2401
-0.43092,5,2401
-0.45208,5,2401
-0.47186,5,2401
-0.48999,5,2401
-0.50622,5,2401
-0.5203,5,2401
-0.53198,5,2401
-0.54102,5,2401
-0.54721,5,2401
-0.55033,5,2401
-0.5502,5,2401
-0.54664,5,2401
-0.53951,5,2401
-0.5287,5,2401
-0.5141,5,2401
-0.49567,5,2401
-0.47337,5,2401
-0.44721,5,2401
-0.41724,5,2401
-0.38353,5,2401
-0.34619,5,2401
-0.30537,5,2401
-0.26125,5,2401
-0.21406,5,2401
-0.16404,5,2401
-0.11148,5,2401
-0.056689,5,2401
8.9913e-16,5,2401
0.058223,5,2401
0.1176,5,2401
0.17773,5,2401
0.23821,5,2401
0.29861,5,2401
0.3585,5,2401
0.41748,5,2401
0.4751,5,2401
0.53095,5,2401
0.58464,5,2401
0.63578,5,2401
0.68399,5,2401
0.72894,5,2401
0.77031,5,2401
0.80781,5,2401
0.8412,5,2401
0.87024,5,2401
0.89478,5,2401
0.91465,5,2401
0.92977,5,2401
0.94008,5,2401
0.94555,5,2401
0.94621,5,2401
0.94213,5,2401
0.93341,5,2401
0.9202,5,2401
0.90266,5,2401
0.88101,5,2401
0.85549,5,2401
0.82637,5,2401
0.79394,5,2401
0.75853,5,2401
0.72046,5,2401
0.68008,5,2401
0.63774,5,2401
0.59382,5,2401
0.54867,5,2401
0.50266,5,2401
0.45614,5,2401
0.40948,5,2401
0.36301,5,2401
0.31704,5,2401
0.2719,5,2401
0.22787,5,2401
0.1852,5,2401
0.14415,5,2401
0.10493,5,2401
0.067729,5,2401
0.032707,5,2401
-9.3398e-15,5,2401
-0.030284,5,2401
-0.058067,5,2401
-0.083296,5,2401
-0.10594,5,2401
-0.12601,5,2401
-0.14352,5,2401
-0.15851,5,2401
-0.17106,5,2401
-0.18123,5,2401
-0.18914,5,2401
-0.1949,5,2401
-0.19864,5,2401
-0.20048,5,2401
-0.20058,5,2401
-0.19909,5,2401
-0.19616,5,2401
-0.19194,5,2401
-0.1866,5,2401
-0.18029,5,2401
-0.17315,5,2401
-0.16534,5,2401
-0.157,5,2401
-0.14825,5,2401
-0.13922,5,2401
-0.13004,5,2401
-0.1208,5,2401
-0.1116,5,2401
-0.10253,5,2401
-0.093665,5,2401
-0.085072,5,2401
-0.076805,5,2401
-0.068912,5,2401
-0.061429,5,2401
-0.054385,5,2401
-0.0478,5,2401
-0.041685,5,2401
-0.036047,5,2401
-0.030884,5,2401
-0.026188,5,2401
-0.02195,5,2401
-0.018153,5,2401
-0.014777,5,2401
-0.011801,5,2401
-0.0092002,5,2401
-0.0069496,5,2401
-0.005022,5,2401
-0.0033903,5,2401
-0.0020273,5,2401
-0.00090589,5,2401
1.0069e-16,5,2401
0.00071562,5,2401
0.001265,5,2401
0.0016706,5,2401
0.0019535,5,2401
0.0021331,5,2401
0.002227,5,2401
0.0022511,5,2401
0.0022197,5,2401
0.0021452,5,2401
0.0020386,5,2401
0.0019092,5,2401
0.0017651,5,2401
0.0016127,5,2401
0.0014577,5,2401
0.0013042,5,2401
0.0011556,5,2401
0.0010145,5,2401
0.00088268,5,2401
0.00076121,5,2401
0.00065076,5,2401
0.00055154,5,2401
0.00046341,5,2401
0.00038598,5,2401
0.00031867,5,2401
0.00026074,5,2401
0.0002114,5,2401
0.00016979,5,2401
0.00013506,5,2401
0.00010636,5,2401
8.2895e-05,5,2401
6.3908e-05,5,2401
4.8713e-05,5,2401
3.6688e-05,5,2401
2.7285e-05,5,2401
2.002e-05,5,2401
1.448e-05,5,2401
1.0312e-05,5,2401
7.2213e-06,5,2401
4.9652e-06,5,2401
3.3454e-06,5,2401
2.2035e-06,5,2401
1.4144e-06,5,2401
8.8117e-07,5,2401
5.297e-07,5,2401
3.0463e-07,5,2401
1.6531e-07,5,2401
8.2555e-08,5,2401
3.592e-08,5,2401
1.147e-08,5,2401
3.3455e-22,5,2401
-4.3491e-09,5,2401
-5.1393e-09,5,2401
-4.4141e-09,5,2401
-3.2543e-09,5,2401
-2.163e-09,5,2401
-1.3205e-09,5,2401
-7.4525e-10,5,2401
-3.8883e-10,5,2401
-1.8667e-10,5,2401
-8.174e-11,5,2401
-3.2207e-11,5,2401
-1.1199e-11,5,2401
-3.3411e-12,5,2401
-8.2066e-13,5,2401
-1.5576e-13,5,2401
-2.0596e-14,5,2401
-1.5745e-15,5,2401
-4.7182e-17,5,2401
-1.9215e-19,5,2401
-2.919e-25,5,2401
-1.2305e-22,5,2401
-1.4354e-18,5,2401
-1.6686e-16,5,2401
-4.1365e-15,5,2401
-4.6715e-14,5,2401
-3.2691e-13,5,2401
-1.6563e-12,5,2401
-6.6449e-12,5,2401
-2.2336e-11,5,2401
-6.5321e-11,5,2401
-1.7066e-10,5,2401
-4.0607e-10,5,2401
-8.9267e-10,5,2401
-1.833e-09,5,2401
-3.5455e-09,5,2401
-6.5035e-09,5,2401
-1.1371e-08,5,2401
-1.9027e-08,5,2401
-3.056e-08,5,2401
-4.7211e-08,5,2401
-7.0232e-08,5,2401
-1.0062e-07,5,2401
-1.3866e-07,5,2401
-1.8326e-07,5,2401
-2.309e-07,5,2401
-2.7427e-07,5,2401
-3.0031e-07,5,2401
-2.8772e-07,5,2401
-2.0371e-07,5,2401
6.6574e-20,5,2401
3.9217e-07,5,2401
1.068e-06,5,2401
2.156e-06,5,2401
3.8262e-06,5,2401
6.2995e-06,5,2401
9.8575e-06,5,2401
1.4854e-05,5,2401
2.1725e-05,5,2401
3.1006e-05,5,2401
4.3338e-05,5,2401
5.9482e-05,5,2401
8.0332e-05,5,2401
0.00010692,5,2401
0.00014043,5,2401
0.0001822,5,2401
0.00023371,5,2401
0.0002966,5,2401
0.00037262,5,2401
0.00046367,5,2401
0.00057171,5,2401
0.00069877,5,2401
0.00084686,5,2401
0.001018,5,2401
0.0012139,5,2401
0.0014364,5,2401
0.0016866,5,2401
0.0019655,5,2401
0.0022735,5,2401
0.0026102,5,2401
0.0029744,5,2401
0.003364,5,2401
0.0037756,5,2401
0.0042046,5,2401
0.0046448,5,2401
0.0050882,5,2401
0.0055252,5,2401
0.0059438,5,2401
0.0063301,5,2401
0.0066678,5,2401
0.0069381,5,2401
0.0071196,5,2401
0.0071884,5,2401
0.0071181,5,2401
0.0068796,5,2401
0.0064413,5,2401
0.0057694,5,2401
0.0048279,5,2401
0.003579,5,2401
0.0019832,5,2401
-1.3676e-16,5,2401
-0.0024117,5,2401
-0.0052932,5,2401
-0.0086853,5,2401
-0.012628,5,2401
-0.017158,5,2401
-0.022311,5,2401
-0.028118,5,2401
-0.034606,5,2401
-0.041797,5,2401
-0.049706,5,2401
-0.058342,5,2401
-0.067705,5,2401
-0.077785,5,2401
-0.088564,5,2401
-0.10001,5,2401
-0.11209,5,2401
-0.12475,5,2401
-0.13791,5,2401
-0.15151,5,2401
-0.16546,5,2401
-0.17965,5,2401
-0.19396,5,2401
-0.20827,5,2401
-0.22243,5,2401
-0.2363,5,2401
-0.24971,5,2401
-0.26249,5,2401
-0.27446,5,2401
-0.28543,5,2401
-0.29522,5,2401
-0.30362,5,2401
-0.31046,5,2401
-0.31553,5,2401
-0.31864,5,2401
-0.31962,5,2401
-0.31829,5,2401
-0.31448,5,2401
-0.30804,5,2401
-0.29885,5,2401
-0.28678,5,2401
-0.27175,5,2401
-0.25368,5,2401
-0.23252,5,2401
-0.20826,5,2401
-0.1809,5,2401
-0.15048,5,2401
-0.11706,5,2401
-0.080754,5,2401
-0.041679,5,2401
1.473e-14,5,2401
0.044093,5,2401
0.090378,5,2401
0.13861,5,2401
0.1885,5,2401
0.23976,5,2401
0.29206,5,2401
0.34505,5,2401
0.39838,5,2401
0.45167,5,2401
0.50453,5,2401
0.55657,5,2401
0.6074,5,2401
0.65662,5,2401
0.70384,5,2401
0.74869,5,2401
0.79079,5,2401
0.8298,5,2401
0.86539,5,2401
0.89726,5,2401
0.92512,5,2401
0.94873,5,2401
0.96789,5,2401
0.98241,5,2401
0.99216,5,2401
0.99704,5,2401
0.997,5,2401
0.99202,5,2401
0.98213,5,2401
0.9674,5,2401
0.94793,5,2401
0.92388,5,2401
0.89544,5,2401
0.86283,5,2401
0.82631,5,2401
0.78616,5,2401
0.74272,5,2401
0.69631,5,2401
0.64731,5,2401
0.59609,5,2401
0.54305,5,2401
0.48858,5,2401
0.4331,5,2401
0.37701,5,2401
0.32072,5,2401
0.26462,5,2401
0.20911,5,2401
0.15455,5,2401
0.10129,5,2401
0.049671,5,2401
-8.3408e-15,5,2401
-0.047442,5,2401
-0.0924,5,2401
-0.13465,5,2401
-0.174,5,2401
-0.2103,5,2401
-0.2434,5,2401
-0.27323,5,2401
-0.29971,5,2401
-0.32282,5,2401
-0.34255,5,2401
-0.35894,5,2401
-0.37205,5,2401
-0.38197,5,2401
-0.38879,5,2401
-0.39266,5,2401
-0.39372,5,2401
-0.39215,5,2401
-0.38812,5,2401
-0.38183,5,2401
-0.37348,5,2401
-0.36328,5,2401
-0.35145,5,2401
-0.3382,5,2401
-0.32374,5,2401
-0.30829,5,2401
-0.29205,5,2401
-0.27521,5,2401
-0.25798,5,2401
-0.24052,5,2401
-0.22301,5,2401
-0.20559,5,2401
-0.18842,5,2401
-0.17161,5,2401
-0.15528,5,2401
-0.13954,5,2401
-0.12446,5,2401
-0.11011,5,2401
-0.096554,5,2401
-0.08383,5,2401
-0.071968,5,2401
-0.060987,5,2401
-0.050893,5,2401
-0.041683,5,2401
-0.033344,5,2401
-0.025855,5,2401
-0.019189,5,2401
-0.013312,5,2401
-0.0081835,5,2401
-0.0037617,5,2401
1.3586e-19,5,2401
0.0031501,5,2401
0.0057384,5,2401
0.0078151,5,2401
0.0094305,5,2401
0.010634,5,2401
0.011473,5,2401
0.011994,5,2401
0.012242,5,2401
0.012256,5,2401
0.012077,5,2401
0.011738,5,2401
0.011274,5,2401
0.010712,5,2401
0.010079,5,2401
0.0093983,5,2401
0.0086895,5,2401
0.0079698,5,2401
0.0072536,5,2401
0.0065527,5,2401
0.0058767,5,2401
0.005233,5,2401
0.004627,5,2401
0.0040626,5,2401
0.0035421,5,2401
0.0030666,5,2401
0.0026361,5,2401
0.0022496,5,2401
0.0019056,5,2401
0.0016021,5,2401
0.0013364,5,2401
0.0011058,5,2401
0.00090733,5,2401
0.00073795,5,2401
0.00059465,5,2401
0.00047449,5,2401
0.00037467,5,2401
0.00029254,5,2401
0.00022564,5,2401
0.00017171,5,2401
0.00012874,5,2401
9.4906e-05,5,2401
6.8616e-05,5,2401
4.848e-05,5,2401
3.3303e-05,5,2401
2.2069e-05,5,2401
1.3926e-05,5,2401
8.1697e-06,5,2401
4.2229e-06,5,2401
1.6222e-06,5,2401
-3.4662e-19,5,2401
-9.2988e-07,5,2401
-1.3863e-06,5,2401
-1.5329e-06,5,2401
-1.489e-06,5,2401
-1.3393e-06,5,2401
-1.1414e-06,5,2401
-9.3248e-07,5,2401
-7.3522e-07,5,2401
-5.616e-07,5,2401
-4.1649e-07,5,2401
-3.0021e-07,5,2401
-2.1037e-07,5,2401
-1.4328e-07,5,2401
-9.4749e-08,5,2401
-6.0759e-08,5,2401
-3.7709e-08,5,2401
-2.2597e-08,5,2401
-1.3034e-08,5,2401
-7.2096e-09,5,2401
-3.8065e-09,5,2401
-1.9074e-09,5,2401
-9.0058e-10,5,2401
-3.9706e-10,5,2401
-1.6159e-10,5,2401
-5.979e-11,5,2401
-1.9712e-11,5,2401
-5.6315e-12,5,2401
-1.3397e-12,5,2401
-2.4994e-13,5,2401
-3.322e-14,5,2401
-2.6564e-15,5,2401
-9.0797e-17,5,2401
-5.5073e-19,5,2401
-1.0662e-23,5,2401
-6.068e-24,5,2401
-4.0707e-19,5,2401
-6.5915e-17,5,2401
-1.8156e-15,5,2401
-2.1014e-14,5,2401
-1.4467e-13,5,2401
-7.0211e-13,5,2401
-2.6414e-12,5,2401
-8.1564e-12,5,2401
-2.1417e-11,5,2401
-4.8812e-11,5,2401
-9.7311e-11,5,2401
-1.6827e-10,5,2401
-2.4212e-10,5,2401
-2.4687e-10,5,2401
5.2337e-23,5,2401
8.9046e-10,5,2401
3.1846e-09,5,2401
8.2531e-09,5,2401
1.8432e-08,5,2401
3.7527e-08,5,2401
7.1495e-08,5,2401
1.2937e-07,5,2401
2.2444e-07,5,2401
3.7574e-07,5,2401
6.0993e-07,5,2401
9.635e-07,5,2401
1.4854e-06,5,2401
2.2401e-06,5,2401
3.311e-06,5,2401
4.8041e-06,5,2401
6.852e-06,5,2401
9.618e-06,5,2401
1.33e-05,5,2401
1.8134e-05,5,2401
2.4398e-05,5,2401
3.2413e-05,5,2401
4.2545e-05,5,2401
5.5201e-05,5,2401
7.0832e-05,5,2401
8.9919e-05,5,2401
0.00011297,5,2401
0.0001405,5,2401
0.00017301,5,2401
0.00021099,5,2401
0.00025484,5,2401
0.00030488,5,2401
0.00036128,5,2401
0.00042402,5,2401
0.00049282,5,2401
0.0005671,5,2401
0.00064588,5,2401
0.00072771,5,2401
0.00081058,5,2401
0.00089186,5,2401
0.00096816,5,2401
0.0010352,5,2401
0.001088,5,2401
0.0011202,5,2401
0.0011246,5,2401
0.0010926,5,2401
0.0010146,5,2401
0.00087947,5,2401
0.00067475,5,2401
0.00038665,5,2401
2.7517e-17,5,2401
-0.0005017,5,2401
-0.0011362,5,2401
-0.0019223,5,2401
-0.00288,5,2401
-0.0040299,5,2401
-0.0053932,5,2401
-0.0069915,5,2401
-0.0088461,5,2401
-0.010978,5,2401
-0.013408,5,2401
-0.016154,5,2401
-0.019233,5,2401
-0.02266,5,2401
-0.026447,5,2401
-0.030602,5,2401
-0.035128,5,2401
-0.040025,5,2401
-0.045287,5,2401
-0.050901,5,2401
-0.056848,5,2401
-0.063102,5,2401
-0.06963,5,2401
-0.076389,5,2401
-0.083329,5,2401
-0.090392,5,2401
-0.097509,5,2401
-0.1046,5,2401
-0.11159,5,2401
-0.11837,5,2401
-0.12485,5,2401
-0.13091,5,2401
-0.13643,5,2401
-0.1413,5,2401
-0.14538,5,2401
-0.14854,5,2401
-0.15065,5,2401
-0.15156,5,2401
-0.15113,5,2401
-0.14924,5,2401
-0.14574,5,2401
-0.14052,5,2401
-0.13345,5,2401
-0.12442,5,2401
-0.11334,5,2401
-0.10011,5,2401
-0.084667,5,2401
-0.066959,5,2401
-0.046951,5,2401
-0.024629,5,2401
5.6293e-15,5,2401
0.026903,5,2401
0.056026,5,2401
0.087286,5,2401
0.12058,5,2401
0.15577,5,2401
0.1927,5,2401
0.2312,5,2401
0.27104,5,2401
0.312,5,2401
0.35382,5,2401
0.39623,5,2401
0.43893,5,2401
0.48163,5,2401
0.52398,5,2401
0.56566,5,2401
0.60632,5,2401
0.64562,5,2401
0.68322,5,2401
0.71876,5,2401
0.75191,5,2401
0.78234,5,2401
0.80974,5,2401
0.8338,5,2401
0.85425,5,2401
0.87084,5,2401
0.88335,5,2401
0.89157,5,2401
0.89535,5,2401
0.89456,5,2401
0.88912,5,2401
0.87896,5,2401
0.86408,5,2401
0.84451,5,2401
0.82032,5,2401
0.79161,5,2401
0.75855,5,2401
0.72132,5,2401
0.68014,5,2401
0.63529,5,2401
0.58704,5,2401
0.53573,5,2401
0.48171,5,2401
0.42536,5,2401
0.36706,5,2401
0.30723,5,2401
0.24629,5,2401
0.18466,5,2401
0.12279,5,2401
0.06109,5,2401
-2.8406e-15,5,2401
-0.060069,5,2401
-0.11871,5,2401
-0.17555,5,2401
-0.23022,5,2401
-0.28238,5,2401
-0.33171,5,2401
-0.37795,5,2401
-0.42083,5,2401
-0.46014,5,2401
-0.49571,5,2401
-0.52738,5,2401
-0.55505,5,2401
-0.57866,5,2401
-0.59817,5,2401
-0.61359,5,2401
-0.62495,5,2401
-0.63233,5,2401
-0.63584,5,2401
-0.6356,5,2401
-0.63178,5,2401
-0.62457,5,2401
-0.61417,5,2401
-0.60082,5,2401
-0.58476,5,2401
-0.56625,5,2401
-0.54555,5,2401
-0.52293,5,2401
-0.49868,5,2401
-0.47306,5,2401
-0.44636,5,2401
-0.41885,5,2401
-0.39078,5,2401
-0.3624,5,2401
-0.33396,5,2401
-0.30569,5,2401
-0.27778,5,2401
-0.25044,5,2401
-0.22384,5,2401
-0.19813,5,2401
-0.17345,5,2401
-0.14992,5,2401
-0.12764,5,2401
-0.10669,5,2401
-0.087118,5,2401
-0.068977,5,2401
-0.052288,5,2401
-0.037059,5,2401
-0.023284,5,2401
-0.010942,5,2401
3.3601e-15,5,2401
0.0095873,5,2401
0.017874,5,2401
0.024922,5,2401
0.030801,5,2401
0.035587,5,2401
0.039358,5,2401
0.042196,5,2401
0.044184,5,2401
0.045407,5,2401
0.045948,5,2401
0.045888,5,2401
0.045306,5,2401
0.04428,5,2401
0.04288,5,2401
0.041176,5,2401
0.039229,5,2401
0.0371,5,2401
0.03484,5,2401
0.032498,5,2401
0.030116,5,2401
0.027732,5,2401
0.025377,5,2401
0.02308,5,2401
0.020862,5,2401
0.018742,5,2401
0.016734,5,2401
0.014848,5,2401
0.013092,5,2401
0.011469,5,2401
0.0099803,5,2401
0.0086257,5,2401
0.0074022,5,2401
0.006305,5,2401
0.0053286,5,2401
0.0044662,5,2401
0.0037103,5,2401
0.003053,5,2401
0.0024861,5,2401
0.0020012,5,2401
0.0015902,5,2401
0.0012451,5,2401
0.00095834,5,2401
0.00072255,5,2401
0.00053102,5,2401
0.00037751,5,2401
0.00025631,5,2401
0.00016229,5,2401
9.0845e-05,5,2401
3.7927e-05,5,2401
-4.913e-18,5,2401
-2.5989e-05,5,2401
-4.2641e-05,5,2401
-5.2144e-05,5,2401
-5.6314e-05,5,2401
-5.6637e-05,5,2401
-5.4305e-05,5,2401
-5.026e-05,5,2401
-4.5228e-05,5,2401
-3.9753e-05,5,2401
-3.4231e-05,5,2401
-2.8936e-05,5,2401
-2.4044e-05,5,2401
-1.9657e-05,5,2401
-1.5821e-05,5,2401
-1.254e-05,5,2401
-9.7896e-06,5,2401
-7.5266e-06,5,2401
-5.6979e-06,5,2401
-4.2459e-06,5,2401
-3.1129e-06,5,2401
-2.244e-06,5,2401
-1.5894e-06,5,2401
-1.1051e-06,5,2401
-7.535e-07,5,2401
-5.0323e-07,5,2401
-3.2872e-07,5,2401
-2.0968e-07,5,2401
-1.3036e-07,5,2401
-7.882e-08,5,2401
-4.6229e-08,5,2401
-2.6223e-08,5,2401
-1.4334e-08,5,2401
-7.5195e-09,5,2401
-3.7661e-09,5,2401
-1.7899e-09,5,2401
-8.0112e-10,5,2401
-3.345e-10,5,2401
-1.2875e-10,5,2401
-4.4972e-11,5,2401
-1.3967e-11,5,2401
-3.7498e-12,5,2401
-8.3627e-13,5,2401
-1.4603e-13,5,2401
-1.8185e-14,5,2401
-1.3752e-15,5,2401
-4.6129e-17,5,2401
-3.2035e-19,5,2401
-2.3636e-23,5,2401
-8.9708e-27,5,2401
-1.6631e-34,5,2401
2.9295e-18,5,2401
2.0832e-16,5,2401
4.3048e-15,5,2401
4.5605e-14,5,2401
3.159e-13,5,2401
1.6285e-12,5,2401
6.7518e-12,5,2401
2.3674e-11,5,2401
7.2668e-11,5,2401
2.0015e-10,5,2401
5.0379e-10,5,2401
1.1752e-09,5,2401
2.5681e-09,5,2401
5.3032e-09,5,2401
1.0421e-08,5,2401
1.9596e-08,5,2401
3.5432e-08,5,2401
6.1844e-08,5,2401
1.0455e-07,5,2401
1.7166e-07,5,2401
2.7443e-07,5,2401
4.2805e-07,5,2401
6.5261e-07,5,2401
9.7402e-07,5,2401
1.4251e-06,5,2401
2.0464e-06,5,2401
2.8869e-06,5,2401
4.0048e-06,5,2401
5.4671e-06,5,2401
7.3489e-06,5,2401
9.7323e-06,5,2401
1.2703e-05,5,2401
1.6348e-05,5,2401
2.0747e-05,5,2401
2.5965e-05,5,2401
3.2045e-05,5,2401
3.8993e-05,5,2401
4.6758e-05,5,2401
5.5221e-05,5,2401
6.4164e-05,5,2401
7.325e-05,5,2401
8.1986e-05,5,2401
8.9695e-05,5,2401
9.5474e-05,5,2401
9.8155e-05,5,2401
9.6262e-05,5,2401
8.7963e-05,5,2401
7.1024e-05,5,2401
4.2762e-05,5,2401
-1.358e-17,5,2401
-6.0978e-05,5,2401
-0.00014447,5,2401
-0.00025537,5,2401
-0.00039921,5,2401
-0.0005822,5,2401
-0.00081114,5,2401
-0.0010935,5,2401
-0.0014374,5,2401
-0.0018514,5,2401
-0.0023445,5,2401
-0.0029263,5,2401
-0.0036064,5,2401
-0.0043946,5,2401
-0.0053007,5,2401
-0.0063338,5,2401
-0.007503,5,2401
-0.0088161,5,2401
-0.01028,5,2401
-0.0119,5,2401
-0.01368,5,2401
-0.015621,5,2401
-0.017721,5,2401
-0.019978,5,2401
-0.022383,5,2401
-0.024924,5,2401
-0.027587,5,2401
-0.030352,5,2401
-0.033192,5,2401
-0.03608,5,2401
-0.038978,5,2401
-0.041846,5,2401
-0.044637,5,2401
-0.047299,5,2401
-0.049773,5,2401
-0.051995,5,2401
-0.053895,5,2401
-0.0554,5,2401
-0.056429,5,2401
-0.0569,5,2401
-0.056727,5,2401
-0.055819,5,2401
-0.054086,5,2401
-0.051438,5,2401
-0.047782,5,2401
-0.04303,5,2401
-0.037095,5,2401
-0.029897,5,2401
-0.021359,5,2401
-0.011413,5,2401
1.1389e-15,5,2401
0.012929,5,2401
0.02741,5,2401
0.043467,5,2401
0.061109,5,2401
0.080327,5,2401
0.1011,5,2401
0.12338,5,2401
0.14711,5,2401
0.1722,5,2401
0.19855,5,2401
0.22605,5,2401
0.25454,5,2401
0.28386,5,2401
0.31384,5,2401
0.34426,5,2401
0.37492,5,2401
0.40556,5,2401
0.43596,5,2401
0.46583,5,2401
0.49491,5,2401
0.52292,5,2401
0.54957,5,2401
0.57457,5,2401
0.59764,5,2401
0.61848,5,2401
0.63683,5,2401
0.65241,5,2401
0.66498,5,2401
0.67428,5,2401
0.68011,5,2401
0.68228,5,2401
0.6806,5,2401
0.67494,5,2401
0.66519,5,2401
0.65128,5,2401
0.63315,5,2401
0.6108,5,2401
0.58427,5,2401
0.55361,5,2401
0.51894,5,2401
0.48039,5,2401
0.43816,5,2401
0.39244,5,2401
0.34351,5,2401
0.29163,5,2401
0.23712,5,2401
0.18033,5,2401
0.12162,5,2401
0.061374,5,2401
-2.3138e-14,5,2401
-0.062085,5,2401
-0.12445,5,2401
-0.18667,5,2401
-0.24831,5,2401
-0.30893,5,2401
-0.36811,5,2401
-0.42545,5,2401
-0.48054,5,2401
-0.53301,5,2401
-0.5825,5,2401
-0.6287,5,2401
-0.67131,5,2401
-0.71005,5,2401
-0.74472,5,2401
-0.7751,5,2401
-0.80106,5,2401
-0.82248,5,2401
-0.83928,5,2401
-0.85144,5,2401
-0.85896,5,2401
-0.86189,5,2401
-0.86032,5,2401
-0.85436,5,2401
-0.84417,5,2401
-0.82994,5,2401
-0.8119,5,2401
-0.79027,5,2401
-0.76534,5,2401
-0.7374,5,2401
-0.70674,5,2401
-0.67369,5,2401
-0.63857,5,2401
-0.60172,5,2401
-0.56349,5,2401
-0.52419,5,2401
-0.48417,5,2401
-0.44375,5,2401
-0.40323,5,2401
-0.36293,5,2401
-0.32313,5,2401
-0.28409,5,2401
-0.24606,5,2401
-0.20925,5,2401
-0.17389,5,2401
-0.14013,5,2401
-0.10814,5,2401
-0.078036,5,2401
-0.049931,5,2401
-0.023901,5,2401
4.6292e-15,5,2401
0.02174,5,2401
0.041309,5,2401
0.05872,5,2401
0.074002,5,2401
0.087205,5,2401
0.098395,5,2401
0.10765,5,2401
0.11506,5,2401
0.12073,5,2401
0.12478,5,2401
0.12731,5,2401
0.12846,5,2401
0.12835,5,2401
0.12711,5,2401
0.12486,5,2401
0.12174,5,2401
0.11786,5,2401
0.11336,5,2401
0.10833,5,2401
0.1029,5,2401
0.097166,5,2401
0.091219,5,2401
0.085148,5,2401
0.079035,5,2401
0.072948,5,2401
0.066952,5,2401
0.0611,5,2401
0.05544,5,2401
0.050009,5,2401
0.04484,5,2401
0.039956,5,2401
0.035375,5,2401
0.031109,5,2401
0.027164,5,2401
0.023541,5,2401
0.020238,5,2401
0.017246,5,2401
0.014557,5,2401
0.012158,5,2401
0.010033,5,2401
0.0081669,5,2401
0.0065414,5,2401
0.0051382,5,2401
0.0039387,5,2401
0.0029241,5,2401
0.002076,5,2401
0.0013763,5,2401
0.00080783,5,2401
0.00035417,5,2401
-9.6632e-18,5,2401
-0.00026894,5,2401
-0.00046572,5,2401
-0.00060221,5,2401
-0.00068909,5,2401
-0.00073585,5,2401
-0.00075082,5,2401
-0.00074125,5,2401
-0.00071333,5,2401
-0.00067232,5,2401
-0.0006226,5,2401
-0.00056773,5,2401
-0.00051059,5,2401
-0.00045342,5,2401
-0.00039792,5,2401
-0.00034532,5,2401
-0.00029646,5,2401
-0.00025187,5,2401
-0.00021181,5,2401
-0.00017631,5,2401
-0.00014529,5,2401
-0.00011851,5,2401
-9.5685e-05,5,2401
-7.6451e-05,5,2401
-6.0435e-05,5,2401
-4.7255e-05,5,2401
-3.6534e-05,5,2401
-2.7918e-05,5,2401
-2.1076e-05,5,2401
-1.5711e-05,5,2401
-1.1556e-05,5,2401
-8.3824e-06,5,2401
-5.9909e-06,5,2401
-4.2151e-06,5,2401
-2.9165e-06,5,2401
-1.9821e-06,5,2401
-1.3213e-06,5,2401
-8.626e-07,5,2401
-5.5045e-07,5,2401
-3.4258e-07,5,2401
-2.0738e-07,5,2401
-1.2171e-07,5,2401
-6.8958e-08,5,2401
-3.7519e-08,5,2401
-1.9461e-08,5,2401
-9.5243e-09,5,2401
-4.3289e-09,5,2401
-1.7775e-09,5,2401
-6.223e-10,5,2401
-1.5586e-10,5,2401
2.3079e-23,6,3601
3.2974e-11,6,3601
2.732e-11,6,3601
1.5558e-11,6,3601
7.0857e-12,6,3601
2.6547e-12,6,3601
8.0874e-13,6,3601
1.9256e-13,6,3601
3.3266e-14,6,3601
3.6451e-15,6,3601
1.9448e-16,6,3601
2.7063e-18,6,3601
1.082e-21,6,3601
1.3408e-28,6,3601
3.6541e-20,6,3601
1.8583e-17,6,3601
8.5951e-16,6,3601
1.384e-14,6,3601
1.2253e-13,6,3601
7.3686e-13,6,3601
3.3786e-12,6,3601
1.2668e-11,6,3601
4.0655e-11,6,3601
1.1524e-10,6,3601
2.9515e-10,6,3601
6.9443e-10,6,3601
1.5203e-09,6,3601
3.1278e-09,6,3601
6.0951e-09,6,3601
1.1321e-08,6,3601
2.0145e-08,6,3601
3.4486e-08,6,3601
5.6991e-08,6,3601
9.118e-08,6,3601
1.4155e-07,6,3601
2.1364e-07,6,3601
3.1393e-07,6,3601
4.4961e-07,6,3601
6.2809e-07,6,3601
8.5611e-07,6,3601
1.1384e-06,6,3601
1.4759e-06,6,3601
1.8629e-06,6,3601
2.2837e-06,6,3601
2.7077e-06,6,3601
3.0841e-06,6,3601
3.3341e-06,6,3601
3.343e-06,6,3601
2.9492e-06,6,3601
1.9324e-06,6,3601
-3.5232e-19,6,3601
-3.2283e-06,6,3601
-8.2378e-06,6,3601
-1.5637e-05,6,3601
-2.6177e-05,6,3601
-4.0774e-05,6,3601
-6.0524e-05,6,3601
-8.673e-05,6,3601
-0.00012092,6,3601
-0.00016485,6,3601
-0.00022054,6,3601
-0.00029027,6,3601
-0.00037657,6,3601
-0.00048226,6,3601
-0.00061039,6,3601
-0.00076423,6,3601
-0.00094726,6,3601
-0.0011631,6,3601
-0.0014154,6,3601
-0.001708,6,3601
-0.0020444,6,3601
-0.0024282,6,3601
-0.0028623,6,3601
-0.0033494,6,3601
-0.0038916,6,3601
-0.0044901,6,3601
-0.0051449,6,3601
-0.0058551,6,3601
-0.0066181,6,3601
-0.0074298,6,3601
-0.008284,6,3601
-0.0091725,6,3601
-0.010084,6,3601
-0.011007,6,3601
-0.011923,6,3601
-0.012814,6,3601
-0.013657,6,3601
-0.014427,6,3601
-0.015093,6,3601
-0.015625,6,3601
-0.015984,6,3601
-0.016132,6,3601
-0.016025,6,3601
-0.015618,6,3601
-0.014861,6,3601
-0.013704,6,3601
-0.012092,6,3601
-0.0099714,6,3601
-0.0072862,6,3601
-0.0039808,6,3601
-1.3507e-16,6,3601
0.0047098,6,3601
0.0102,6,3601
0.016518,6,3601
0.023707,6,3601
0.031805,6,3601
0.040844,6,3601
0.050846,6,3601
0.061826,6,3601
0.073789,6,3601
0.086728,6,3601
0.10063,6,3601
0.11545,6,3601
0.13116,6,3601
0.14769,6,3601
0.16496,6,3601
0.1829,6,3601
0.2014,6,3601
0.22033,6,3601
0.23955,6,3601
0.25894,6,3601
0.2783,6,3601
0.29748,6,3601
0.31628,6,3601
0.33449,6,3601
0.35192,6,3601
0.36834,6,3601
0.38353,6,3601
0.39727,6,3601
0.40933,6,3601
0.41949,6,3601
0.42752,6,3601
0.4332,6,3601
0.43635,6,3601
0.43676,6,3601
0.43425,6,3601
0.42868,6,3601
0.41989,6,3601
0.40777,6,3601
0.39224,6,3601
0.37323,6,3601
0.3507,6,3601
0.32465,6,3601
0.29511,6,3601
0.26215,6,3601
0.22585,6,3601
0.18634,6,3601
0.14379,6,3601
0.098394,6,3601
0.050378,6,3601
-1.2847e-14,6,3601
-0.052453,6,3601
-0.10667,6,3601
-0.1623,6,3601
-0.219,6,3601
-0.27639,6,3601
-0.33407,6,3601
-0.39164,6,3601
-0.44869,6,3601
-0.5048,6,3601
-0.55957,6,3601
-0.61258,6,3601
-0.66344,6,3601
-0.71175,6,3601
-0.75716,6,3601
-0.79932,6,3601
-0.83789,6,3601
-0.8726,6,3601
-0.90318,6,3601
-0.92939,6,3601
-0.95105,6,3601
-0.96801,6,3601
-0.98015,6,3601
-0.98739,6,3601
-0.98972,6,3601
-0.98713,6,3601
-0.97969,6,3601
-0.96748,6,3601
-0.95064,6,3601
-0.92934,6,3601
-0.90379,6,3601
-0.87422,6,3601
-0.84092,6,3601
-0.80417,6,3601
-0.7643,6,3601
-0.72166,6,3601
-0.67659,6,3601
-0.62948,6,3601
-0.58071,6,3601
-0.53066,6,3601
-0.47972,6,3601
-0.42828,6,3601
-0.37671,6,3601
-0.32537,6,3601
-0.27463,6,3601
-0.22482,6,3601
-0.17626,6,3601
-0.12924,6,3601
-0.084031,6,3601
-0.040879,6,3601
3.0966e-15,6,3601
0.038419,6,3601
0.074221,6,3601
0.10728,6,3601
0.13749,6,3601
0.1648,6,3601
0.18916,6,3601
0.21056,6,3601
0.22902,6,3601
0.24458,6,3601
0.25732,6,3601
0.26731,6,3601
0.27467,6,3601
0.27952,6,3601
0.282,6,3601
0.28228,6,3601
0.2805,6,3601
0.27685,6,3601
0.2715,6,3601
0.26463,6,3601
0.25643,6,3601
0.24709,6,3601
0.23677,6,3601
0.22565,6,3601
0.21391,6,3601
0.2017,6,3601
0.18917,6,3601
0.17648,6,3601
0.16375,6,3601
0.1511,6,3601
0.13863,6,3601
0.12646,6,3601
0.11466,6,3601
0.1033,6,3601
0.092448,6,3601
0.082151,6,3601
0.072446,6,3601
0.063361,6,3601
0.054915,6,3601
0.047116,6,3601
0.039965,6,3601
0.033456,6,3601
0.027574,6,3601
0.0223,6,3601
0.017611,6,3601
0.013479,6,3601
0.0098716,6,3601
0.006756,6,3601
0.0040965,6,3601
0.0018568,6,3601
-6.0196e-16,6,3601
-0.0015107,6,3601
-0.0027113,6,3601
-0.003637,6,3601
-0.0043214,6,3601
-0.0047964,6,3601
-0.0050921,6,3601
-0.0052365,6,3601
-0.0052551,6,3601
-0.0051714,6,3601
-0.0050065,6,3601
-0.0047791,6,3601
-0.0045058,6,3601
-0.0042009,6,3601
-0.0038766,6,3601
-0.0035434,6,3601
-0.0032098,6,3601
-0.0028828,6,3601
-0.0025677,6,3601
-0.0022686,6,3601
-0.0019887,6,3601
-0.0017297,6,3601
-0.0014928,6,3601
-0.0012784,6,3601
-0.0010863,6,3601
-0.00091584,6,3601
-0.00076596,6,3601
-0.00063539,6,3601
-0.0005227,6,3601
-0.0004263,6,3601
-0.0003446,6,3601
-0.00027599,6,3601
-0.00021892,6,3601
-0.0001719,6,3601
-0.00013355,6,3601
-0.00010259,6,3601
-7.7864e-05,6,3601
-5.8335e-05,6,3601
-4.3094e-05,6,3601
-3.135e-05,6,3601
-2.2421e-05,6,3601
-1.5732e-05,6,3601
-1.0799e-05,6,3601
-7.2252e-06,6,3601
-4.6866e-06,6,3601
-2.9235e-06,6,3601
-1.7308e-06,6,3601
-9.4909e-07,6,3601
-4.5674e-07,6,3601
-1.6263e-07,6,3601
2.1373e-20,6,3601
7.8902e-08,6,3601
1.0729e-07,6,3601
1.0751e-07,6,3601
9.3945e-08,6,3601
7.5394e-08,6,3601
5.68e-08,6,3601
4.06e-08,6,3601
2.7677e-08,6,3601
1.8033e-08,6,3601
1.1232e-08,6,3601
6.6774e-09,6,3601
3.779e-09,6,3601
2.0275e-09,6,3601
1.0255e-09,6,3601
4.8533e-10,6,3601
2.1285e-10,6,3601
8.5396e-11,6,3601
3.0811e-11,6,3601
9.7649e-12,6,3601
2.63e-12,6,3601
5.7332e-13,6,3601
9.3789e-14,6,3601
1.014e-14,6,3601
5.7068e-16,6,3601
9.773e-18,6,3601
9.0992e-21,6,3601
4.2307e-41,6,3601
1.0761e-20,6,3601
1.0376e-17,6,3601
5.7815e-16,6,3601
9.9489e-15,6,3601
8.9623e-14,6,3601
5.3481e-13,6,3601
2.3968e-12,6,3601
8.6935e-12,6,3601
2.6777e-11,6,3601
7.235e-11,6,3601
1.7546e-10,6,3601
3.8826e-10,6,3601
7.9334e-10,6,3601
1.5099e-09,6,3601
2.692e-09,6,3601
4.5114e-09,6,3601
7.11e-09,6,3601
1.0506e-08,6,3601
1.4425e-08,6,3601
1.803e-08,6,3601
1.9506e-08,6,3601
1.5446e-08,6,3601
-3.7443e-22,6,3601
-3.6296e-08,6,3601
-1.0807e-07,6,3601
-2.3709e-07,6,3601
-4.5482e-07,6,3601
-8.0548e-07,6,3601
-1.3498e-06,6,3601
-2.1694e-06,6,3601
-3.3721e-06,6,3601
-5.0975e-06,6,3601
-7.5233e-06,6,3601
-1.0873e-05,6,3601
-1.5422e-05,6,3601
-2.1507e-05,6,3601
-2.9531e-05,6,3601
-3.9973e-05,6,3601
-5.3391e-05,6,3601
-7.0431e-05,6,3601
-9.1824e-05,6,3601
-0.00011839,6,3601
-0.00015104,6,3601
-0.00019075,6,3601
-0.00023857,6,3601
-0.00029559,6,3601
-0.00036293,6,3601
-0.00044168,6,3601
-0.0005329,6,3601
-0.00063753,6,3601
-0.00075636,6,3601
-0.00088992,6,3601
-0.0010384,6,3601
-0.0012018,6,3601
-0.0013792,6,3601
-0.0015695,6,3601
-0.0017706,6,3601
-0.0019795,6,3601
-0.0021925,6,3601
-0.0024045,6,3601
-0.0026092,6,3601
-0.0027991,6,3601
-0.0029647,6,3601
-0.0030955,6,3601
-0.0031786,6,3601
-0.0031999,6,3601
-0.0031428,6,3601
-0.0029892,6,3601
-0.0027188,6,3601
-0.0023095,6,3601
-0.0017374,6,3601
-0.00097665,6,3601
3.243e-16,6,3601
0.0012212,6,3601
0.0027167,6,3601
0.0045169,6,3601
0.0066528,6,3601
0.0091551,6,3601
0.012054,6,3601
0.015379,6,3601
0.019156,6,3601
0.023412,6,3601
0.028167,6,3601
0.03344,6,3601
0.039244,6,3601
0.045587,6,3601
0.052471,6,3601
0.059891,6,3601
0.067834,6,3601
0.076279,6,3601
0.085196,6,3601
0.094545,6,3601
0.10428,6,3601
0.11433,6,3601
0.12464,6,3601
0.13511,6,3601
0.14566,6,3601
0.15619,6,3601
0.16657,6,3601
0.17669,6,3601
0.18641,6,3601
0.19558,6,3601
0.20407,6,3601
0.2117,6,3601
0.21833,6,3601
0.22378,6,3601
0.22789,6,3601
0.23049,6,3601
0.23142,6,3601
0.23052,6,3601
0.22763,6,3601
0.2226,6,3601
0.21531,6,3601
0.20563,6,3601
0.19346,6,3601
0.1787,6,3601
0.16128,6,3601
0.14116,6,3601
0.11831,6,3601
0.09273,6,3601
0.064446,6,3601
0.033509,6,3601
-4.3395e-15,6,3601
-0.035971,6,3601
-0.074266,6,3601
-0.11472,6,3601
-0.15714,6,3601
-0.20129,6,3601
-0.24694,6,3601
-0.29382,6,3601
-0.34161,6,3601
-0.39002,6,3601
-0.4387,6,3601
-0.48732,6,3601
-0.5355,6,3601
-0.58288,6,3601
-0.62909,6,3601
-0.67375,6,3601
-0.7165,6,3601
-0.75695,6,3601
-0.79477,6,3601
-0.82961,6,3601
-0.86114,6,3601
-0.88907,6,3601
-0.91311,6,3601
-0.93303,6,3601
-0.9486,6,3601
-0.95964,6,3601
-0.96601,6,3601
-0.9676,6,3601
-0.96434,6,3601
-0.95621,6,3601
-0.94321,6,3601
-0.9254,6,3601
-0.90289,6,3601
-0.8758,6,3601
-0.84433,6,3601
-0.80867,6,3601
-0.76908,6,3601
-0.72585,6,3601
-0.67928,6,3601
-0.62972,6,3601
-0.57754,6,3601
-0.52311,6,3601
-0.46683,6,3601
-0.40912,6,3601
-0.35039,6,3601
-0.29107,6,3601
-0.23157,6,3601
-0.17232,6,3601
-0.11371,6,3601
-0.056145,6,3601
2.2436e-14,6,3601
0.05437,6,3601
0.10663,6,3601
0.15648,6,3601
0.20363,6,3601
0.24783,6,3601
0.28888,6,3601
0.32659,6,3601
0.36081,6,3601
0.39143,6,3601
0.41837,6,3601
0.44158,6,3601
0.46107,6,3601
0.47685,6,3601
0.48898,6,3601
0.49754,6,3601
0.50265,6,3601
0.50444,6,3601
0.50308,6,3601
0.49874,6,3601
0.49163,6,3601
0.48196,6,3601
0.46995,6,3601
0.45584,6,3601
0.43986,6,3601
0.42227,6,3601
0.40331,6,3601
0.38321,6,3601
0.36222,6,3601
0.34056,6,3601
0.31846,6,3601
0.29613,6,3601
0.27376,6,3601
0.25154,6,3601
0.22965,6,3601
0.20823,6,3601
0.18742,6,3601
0.16735,6,3601
0.14813,6,3601
0.12983,6,3601
0.11253,6,3601
0.096293,6,3601
0.081151,6,3601
0.067132,6,3601
0.054249,6,3601
0.0425,6,3601
0.031874,6,3601
0.022347,6,3601
0.013887,6,3601
0.0064537,6,3601
-1.3997e-15,6,3601
-0.005527,6,3601
-0.010185,6,3601
-0.014034,6,3601
-0.017138,6,3601
-0.01956,6,3601
-0.021366,6,3601
-0.02262,6,3601
-0.023385,6,3601
-0.023721,6,3601
-0.023688,6,3601
-0.02334,6,3601
-0.02273,6,3601
-0.021906,6,3601
-0.020914,6,3601
-0.019793,6,3601
-0.01858,6,3601
-0.017308,6,3601
-0.016005,6,3601
-0.014696,6,3601
-0.013401,6,3601
-0.012139,6,3601
-0.010923,6,3601
-0.0097653,6,3601
-0.0086731,6,3601
-0.0076528,6,3601
-0.006708,6,3601
-0.0058407,6,3601
-0.0050511,6,3601
-0.0043379,6,3601
-0.0036988,6,3601
-0.0031306,6,3601
-0.0026294,6,3601
-0.0021907,6,3601
-0.0018098,6,3601
-0.0014819,6,3601
-0.0012017,6,3601
-0.00096459,6,3601
-0.00076561,6,3601
-0.00060022,6,3601
-0.00046412,6,3601
-0.0003533,6,3601
-0.00026411,6,3601
-0.00019321,6,3601
-0.00013762,6,3601
-9.4719e-05,6,3601
-6.2183e-05,6,3601
-3.8021e-05,6,3601
-2.0524e-05,6,3601
-8.2511e-06,6,3601
4.1129e-19,6,3601
5.2173e-06,6,3601
8.2012e-06,6,3601
9.59e-06,6,3601
9.8831e-06,6,3601
9.4639e-06,6,3601
8.619e-06,6,3601
7.5571e-06,6,3601
6.4244e-06,6,3601
5.3183e-06,6,3601
4.2988e-06,6,3601
3.3987e-06,6,3601
2.631e-06,6,3601
1.9952e-06,6,3601
1.4825e-06,6,3601
1.0791e-06,6,3601
7.6917e-07,6,3601
5.3647e-07,6,3601
3.6579e-07,6,3601
2.4353e-07,6,3601
1.5809e-07,6,3601
9.9879e-08,6,3601
6.1287e-08,6,3601
3.6431e-08,6,3601
2.0917e-08,6,3601
1.1557e-08,6,3601
6.1188e-09,6,3601
3.0878e-09,6,3601
1.4757e-09,6,3601
6.6258e-10,6,3601
2.7668e-10,6,3601
1.0608e-10,6,3601
3.6707e-11,6,3601
1.1206e-11,6,3601
2.9236e-12,6,3601
6.2234e-13,6,3601
1.0069e-13,6,3601
1.1016e-14,6,3601
6.5751e-16,6,3601
1.3448e-17,6,3601
2.3791e-20,6,3601
3.1068e-29,6,3601
9.4742e-22,6,3601
1.9974e-18,6,3601
1.2994e-16,6,3601
2.2051e-15,6,3601
1.7836e-14,6,3601
8.7447e-14,6,3601
2.8283e-13,6,3601
5.5218e-13,6,3601
1.9945e-25,6,3601
-5.3112e-12,6,3601
-2.7785e-11,6,3601
-9.9933e-11,6,3601
-2.9696e-10,6,3601
-7.7725e-10,6,3601
-1.8504e-09,6,3601
-4.0856e-09,6,3601
-8.4768e-09,6,3601
-1.6684e-08,6,3601
-3.1374e-08,6,3601
-5.6684e-08,6,3601
-9.8841e-08,6,3601
-1.6695e-07,6,3601
-2.7401e-07,6,3601
-4.381e-07,6,3601
-6.8387e-07,6,3601
-1.0442e-06,6,3601
-1.562e-06,6,3601
-2.2926e-06,6,3601
-3.3055e-06,6,3601
-4.6869e-06,6,3601
-6.5414e-06,6,3601
-8.9943e-06,6,3601
-1.2193e-05,6,3601
-1.6305e-05,6,3601
-2.1522e-05,6,3601
-2.8055e-05,6,3601
-3.613e-05,6,3601
-4.5982e-05,6,3601
-5.785e-05,6,3601
-7.196e-05,6,3601
-8.8514e-05,6,3601
-0.00010767,6,3601
-0.0001295,6,3601
-0.00015402,6,3601
-0.00018105,6,3601
-0.00021031,6,3601
-0.00024123,6,3601
-0.00027304,6,3601
-0.0003046,6,3601
-0.00033441,6,3601
-0.00036052,6,3601
-0.00038045,6,3601
-0.00039116,6,3601
-0.00038893,6,3601
-0.00036934,6,3601
-0.00032718,6,3601
-0.00025636,6,3601
-0.00014994,6,3601
1.0894e-16,6,3601
0.00020234,6,3601
0.00046695,6,3601
0.00080465,6,3601
0.0012272,6,3601
0.0017473,6,3601
0.0023785,6,3601
0.0031348,6,3601
0.0040309,6,3601
0.0050819,6,3601
0.006303,6,3601
0.0077091,6,3601
0.0093149,6,3601
0.011134,6,3601
0.013179,6,3601
0.015462,6,3601
0.017991,6,3601
0.020772,6,3601
0.023811,6,3601
0.027106,6,3601
0.030654,6,3601
0.034446,6,3601
0.038471,6,3601
0.042708,6,3601
0.047134,6,3601
0.051717,6,3601
0.056419,6,3601
0.061197,6,3601
0.065999,6,3601
0.070764,6,3601
0.075428,6,3601
0.079915,6,3601
0.084146,6,3601
0.088032,6,3601
0.09148,6,3601
0.09439,6,3601
0.096658,6,3601
0.098173,6,3601
0.098825,6,3601
0.098499,6,3601
0.09708,6,3601
0.094455,6,3601
0.09051,6,3601
0.085138,6,3601
0.078234,6,3601
0.069704,6,3601
0.05946,6,3601
0.047424,6,3601
0.033534,6,3601
0.017737,6,3601
-8.4666e-15,6,3601
-0.019695,6,3601
-0.041347,6,3601
-0.064934,6,3601
-0.090415,6,3601
-0.11772,6,3601
-0.14678,6,3601
-0.17746,6,3601
-0.20964,6,3601
-0.24316,6,3601
-0.27785,6,3601
-0.31349,6,3601
-0.34988,6,3601
-0.38675,6,3601
-0.42386,6,3601
-0.46093,6,3601
-0.49766,6,3601
-0.53375,6,3601
-0.56889,6,3601
-0.60277,6,3601
-0.63505,6,3601
-0.66543,6,3601
-0.69358,6,3601
-0.7192,6,3601
-0.74198,6,3601
-0.76165,6,3601
-0.77793,6,3601
-0.79059,6,3601
-0.79939,6,3601
-0.80416,6,3601
-0.80471,6,3601
-0.80093,6,3601
-0.79271,6,3601
-0.78,6,3601
-0.76277,6,3601
-0.74104,6,3601
-0.71486,6,3601
-0.68433,6,3601
-0.64959,6,3601
-0.61081,6,3601
-0.56819,6,3601
-0.52199,6,3601
-0.47249,6,3601
-0.41999,6,3601
-0.36485,6,3601
-0.30741,6,3601
-0.24807,6,3601
-0.18724,6,3601
-0.12533,6,3601
-0.062772,6,3601
1.7617e-14,6,3601
0.06255,6,3601
0.12445,6,3601
0.18526,6,3601
0.24458,6,3601
0.30201,6,3601
0.35717,6,3601
0.40969,6,3601
0.45927,6,3601
0.50558,6,3601
0.54836,6,3601
0.58738,6,3601
0.62244,6,3601
0.65337,6,3601
0.68006,6,3601
0.70242,6,3601
0.7204,6,3601
0.734,6,3601
0.74324,6,3601
0.7482,6,3601
0.74897,6,3601
0.7457,6,3601
0.73854,6,3601
0.72768,6,3601
0.71336,6,3601
0.6958,6,3601
0.67528,6,3601
0.65206,6,3601
0.62643,6,3601
0.5987,6,3601
0.56917,6,3601
0.53813,6,3601
0.5059,6,3601
0.47279,6,3601
0.43907,6,3601
0.40504,6,3601
0.37097,6,3601
0.33712,6,3601
0.30373,6,3601
0.27103,6,3601
0.23922,6,3601
0.20848,6,3601
0.17898,6,3601
0.15086,6,3601
0.12424,6,3601
0.099216,6,3601
0.075866,6,3601
0.054245,6,3601
0.034386,6,3601
0.016305,6,3601
-1.6849e-15,6,3601
-0.01455,6,3601
-0.02738,6,3601
-0.038539,6,3601
-0.048088,6,3601
-0.056101,6,3601
-0.062659,6,3601
-0.06785,6,3601
-0.071769,6,3601
-0.074517,6,3601
-0.076194,6,3601
-0.076904,6,3601
-0.07675,6,3601
-0.075834,6,3601
-0.074256,6,3601
-0.072113,6,3601
-0.069498,6,3601
-0.066497,6,3601
-0.063193,6,3601
-0.059662,6,3601
-0.055975,6,3601
-0.052194,6,3601
-0.048378,6,3601
-0.044576,6,3601
-0.040832,6,3601
-0.037184,6,3601
-0.033663,6,3601
-0.030296,6,3601
-0.027101,6,3601
-0.024095,6,3601
-0.021288,6,3601
-0.018685,6,3601
-0.016291,6,3601
-0.014103,6,3601
-0.012119,6,3601
-0.010332,6,3601
-0.0087346,6,3601
-0.0073172,6,3601
-0.0060691,6,3601
-0.0049787,6,3601
-0.0040339,6,3601
-0.0032224,6,3601
-0.0025317,6,3601
-0.0019497,6,3601
-0.0014645,6,3601
-0.0010649,6,3601
-0.00073999,6,3601
-0.00047991,6,3601
-0.00027538,6,3601
-0.00011796,6,3601
-6.2682e-18,6,3601
8.5312e-05,6,3601
0.00014402,6,3601
0.00018139,6,3601
0.00020201,6,3601
0.00020975,6,3601
0.0002079,6,3601
0.00019918,6,3601
0.00018581,6,3601
0.00016957,6,3601
0.00015187,6,3601
0.00013376,6,3601
0.00011604,6,3601
9.9248e-05,6,3601
8.376e-05,6,3601
6.9785e-05,6,3601
5.7417e-05,6,3601
4.6661e-05,6,3601
3.7455e-05,6,3601
2.9697e-05,6,3601
2.3253e-05,6,3601
1.7977e-05,6,3601
1.3718e-05,6,3601
1.0328e-05,6,3601
7.6682e-06,6,3601
5.6113e-06,6,3601
4.0443e-06,6,3601
2.8688e-06,6,3601
2.0009e-06,6,3601
1.3709e-06,6,3601
9.2162e-07,6,3601
6.0709e-07,6,3601
3.9126e-07,6,3601
2.4629e-07,6,3601
1.5111e-07,6,3601
9.0161e-08,6,3601
5.2172e-08,6,3601
2.9184e-08,6,3601
1.5722e-08,6,3601
8.1194e-09,6,3601
3.9977e-09,6,3601
1.8638e-09,6,3601
8.1576e-10,6,3601
3.3156e-10,6,3601
1.2334e-10,6,3601
4.1172e-11,6,3601
1.1983e-11,6,3601
2.9067e-12,6,3601
5.4074e-13,6,3601
6.2353e-14,6,3601
-7.4668e-27,6,3601
-1.3825e-15,6,3601
-1.971e-16,6,3601
-8.0767e-18,6,3601
-3.682e-20,6,3601
-2.48e-26,6,3601
-9.0898e-23,6,3601
-8.1193e-19,6,3601
-9.5692e-17,6,3601
-2.5065e-15,6,3601
-3.0197e-14,6,3601
-2.2579e-13,6,3601
-1.2214e-12,6,3601
-5.2247e-12,6,3601
-1.87e-11,6,3601
-5.8169e-11,6,3601
-1.6154e-10,6,3601
-4.0846e-10,6,3601
-9.5442e-10,6,3601
-2.0847e-09,6,3601
-4.2952e-09,6,3601
-8.4084e-09,6,3601
-1.5732e-08,6,3601
-2.827e-08,6,3601
-4.8986e-08,6,3601
-8.213e-08,6,3601
-1.3361e-07,6,3601
-2.1144e-07,6,3601
-3.2612e-07,6,3601
-4.9114e-07,6,3601
-7.233e-07,6,3601
-1.0429e-06,6,3601
-1.4739e-06,6,3601
-2.0434e-06,6,3601
-2.7808e-06,6,3601
-3.7167e-06,6,3601
-4.8803e-06,6,3601
-6.2963e-06,6,3601
-7.9801e-06,6,3601
-9.9323e-06,6,3601
-1.2131e-05,6,3601
-1.452e-05,6,3601
-1.7002e-05,6,3601
-1.9418e-05,6,3601
-2.1536e-05,6,3601
-2.3027e-05,6,3601
-2.3447e-05,6,3601
-2.2211e-05,6,3601
-1.8564e-05,6,3601
-1.1554e-05,6,3601
7.1299e-18,6,3601
1.7539e-05,6,3601
4.2796e-05,6,3601
7.7833e-05,6,3601
0.00012506,6,3601
0.00018729,6,3601
0.00026771,6,3601
0.00036996,6,3601
0.00049809,6,3601
0.00065662,6,3601
0.00085045,6,3601
0.0010849,6,3601
0.0013657,6,3601
0.0016987,6,3601
0.0020903,6,3601
0.0025468,6,3601
0.0030744,6,3601
0.0036796,6,3601
0.0043682,6,3601
0.0051457,6,3601
0.0060168,6,3601
0.0069856,6,3601
0.0080546,6,3601
0.0092251,6,3601
0.010497,6,3601
0.011867,6,3601
0.01333,6,3601
0.014879,6,3601
0.016504,6,3601
0.01819,6,3601
0.01992,6,3601
0.021672,6,3601
0.023421,6,3601
0.025137,6,3601
0.026786,6,3601
0.028328,6,3601
0.029721,6,3601
0.030915,6,3601
0.031859,6,3601
0.032496,6,3601
0.032764,6,3601
0.0326,6,3601
0.031934,6,3601
0.030698,6,3601
0.02882,6,3601
0.026225,6,3601
0.022841,6,3601
0.018596,6,3601
0.013418,6,3601
0.0072408,6,3601
-2.5529e-15,6,3601
-0.008362,6,3601
-0.017896,6,3601
-0.028646,6,3601
-0.040645,6,3601
-0.053916,6,3601
-0.06847,6,3601
-0.084304,6,3601
-0.1014,6,3601
-0.11973,6,3601
-0.13925,6,3601
-0.15988,6,3601
-0.18156,6,3601
-0.20416,6,3601
-0.22759,6,3601
-0.2517,6,3601
-0.27633,6,3601
-0.30133,6,3601
-0.32649,6,3601
-0.35161,6,3601
-0.37649,6,3601
-0.40089,6,3601
-0.42456,6,3601
-0.44727,6,3601
-0.46875,6,3601
-0.48876,6,3601
-0.50702,6,3601
-0.52328,6,3601
-0.53729,6,3601
-0.54881,6,3601
-0.55758,6,3601
-0.56341,6,3601
-0.56607,6,3601
-0.56538,6,3601
-0.56118,6,3601
-0.55333,6,3601
-0.54172,6,3601
-0.52627,6,3601
-0.50692,6,3601
-0.48366,6,3601
-0.45651,6,3601
-0.42552,6,3601
-0.39077,6,3601
-0.3524,6,3601
-0.31056,6,3601
-0.26545,6,3601
-0.2173,6,3601
-0.16638,6,3601
-0.11297,6,3601
-0.057392,6,3601
9.0785e-15,6,3601
0.058839,6,3601
0.11874,6,3601
0.17929,6,3601
0.24008,6,3601
0.30069,6,3601
0.36068,6,3601
0.41964,6,3601
0.47713,6,3601
0.53276,6,3601
0.58611,6,3601
0.63681,6,3601
0.6845,6,3601
0.72883,6,3601
0.76951,6,3601
0.80626,6,3601
0.83884,6,3601
0.86704,6,3601
0.89069,6,3601
0.90966,6,3601
0.92388,6,3601
0.93329,6,3601
0.93788,6,3601
0.93771,6,3601
0.93283,6,3601
0.92337,6,3601
0.90947,6,3601
0.89133,6,3601
0.86917,6,3601
0.84322,6,3601
0.81378,6,3601
0.78114,6,3601
0.74561,6,3601
0.70754,6,3601
0.66726,6,3601
0.62514,6,3601
0.58154,6,3601
0.53682,6,3601
0.49134,6,3601
0.44546,6,3601
0.39951,6,3601
0.35383,6,3601
0.30873,6,3601
0.26452,6,3601
0.22146,6,3601
0.17982,6,3601
0.13982,6,3601
0.10168,6,3601
0.065564,6,3601
0.03163,6,3601
4.7288e-16,6,3601
-0.029227,6,3601
-0.055983,6,3601
-0.080222,6,3601
-0.10193,6,3601
-0.12111,6,3601
-0.13778,6,3601
-0.15202,6,3601
-0.16387,6,3601
-0.17342,6,3601
-0.18079,6,3601
-0.18609,6,3601
-0.18944,6,3601
-0.19098,6,3601
-0.19085,6,3601
-0.18921,6,3601
-0.1862,6,3601
-0.18199,6,3601
-0.17671,6,3601
-0.17052,6,3601
-0.16357,6,3601
-0.15599,6,3601
-0.14793,6,3601
-0.13951,6,3601
-0.13084,6,3601
-0.12205,6,3601
-0.11322,6,3601
-0.10446,6,3601
-0.095835,6,3601
-0.087426,6,3601
-0.079291,6,3601
-0.071482,6,3601
-0.064041,6,3601
-0.057001,6,3601
-0.050388,6,3601
-0.044218,6,3601
-0.0385,6,3601
-0.033239,6,3601
-0.028431,6,3601
-0.024069,6,3601
-0.020139,6,3601
-0.016626,6,3601
-0.01351,6,3601
-0.010769,6,3601
-0.0083807,6,3601
-0.0063186,6,3601
-0.0045572,6,3601
-0.0030705,6,3601
-0.0018323,6,3601
-0.00081709,6,3601
-1.3585e-16,6,3601
